{"type":"FeatureCollection","features":[{"type":"Feature","id":"kunta4500k_2026.1","geometry":{"type":"Polygon","coordinates":[[[366787.924,7001300.583],[362458.797,6995675.229],[363260.793,6987161.698],[357374.742,6990194.169],[352599.116,6984860.202],[349403.004,6985932.989],[346951.941,6973669.696],[354508.004,6970011.824],[348733.187,6959704.551],[343298.204,6961570.195],[339046.709,6963078.849],[323281.486,6981415.652],[321987.072,6984871.924],[322692.663,6988079.052],[334329.441,7002293.676],[335875.889,6998150.953],[357452.604,7005219.8],[366787.924,7001300.583]]]},"geometry_name":"geom","properties":{"id":1,"kunta":"005","vuosi":2026,"nimi":"Alajärvi","namn":"Alajärvi","name":"Alajärvi"},"bbox":[321987.072,6959704.551,366787.924,7005219.8]},{"type":"Feature","id":"kunta4500k_2026.2","geometry":{"type":"Polygon","coordinates":[[[382543.364,7120022.976],[372645.944,7116054.774],[370424.741,7104339.038],[360962.992,7121469.11],[367243.758,7123247.233],[364294.474,7127811.214],[368791.01,7133254.305],[382543.364,7120022.976]]]},"geometry_name":"geom","properties":{"id":2,"kunta":"009","vuosi":2026,"nimi":"Alavieska","namn":"Alavieska","name":"Alavieska"},"bbox":[360962.992,7104339.038,382543.364,7133254.305]},{"type":"Feature","id":"kunta4500k_2026.3","geometry":{"type":"Polygon","coordinates":[[[343298.204,6961570.195],[345569.224,6942289.741],[336977.473,6933246.544],[327654.949,6924153.087],[319415.82,6925258.907],[317245.323,6922242.407],[310933.466,6926894.948],[306963.875,6939661.121],[310341.131,6943643.056],[303353.32,6953056.359],[305928.066,6960568.844],[309502.375,6961659.038],[318058.915,6951716.892],[323132.857,6951459.805],[329822.445,6962332.912],[334489.89,6960615.783],[339046.709,6963078.849],[343298.204,6961570.195]]]},"geometry_name":"geom","properties":{"id":3,"kunta":"010","vuosi":2026,"nimi":"Alavus","namn":"Alavo","name":"Alavus"},"bbox":[303353.32,6922242.407,345569.224,6963078.849]},{"type":"Feature","id":"kunta4500k_2026.4","geometry":{"type":"Polygon","coordinates":[[[436139.68,6798279.085],[435912.756,6793343.376],[442401.762,6788656.952],[439890.598,6783966.518],[441856.214,6780190.765],[438438.634,6774760.005],[434407.88,6774122.311],[422536.607,6776416.537],[421278.199,6780454.098],[414239.989,6775727.322],[407223.608,6774944.921],[405156.381,6776822.41],[406441.67,6784737.811],[403543.819,6790950.967],[411351.2,6791654.82],[415159.045,6798601.617],[420573.818,6797562.888],[422133.777,6800320.791],[432732.949,6804050.61],[436139.68,6798279.085]]]},"geometry_name":"geom","properties":{"id":4,"kunta":"016","vuosi":2026,"nimi":"Asikkala","namn":"Asikkala","name":"Asikkala"},"bbox":[403543.819,6774122.311,442401.762,6804050.61]},{"type":"Feature","id":"kunta4500k_2026.5","geometry":{"type":"Polygon","coordinates":[[[426631.036,6720528.076],[432565.266,6717622.634],[435455.872,6713359.188],[435455.927,6713359.107],[435459.175,6713354.317],[435459.201,6713354.279],[435452.744,6713352.606],[435452.724,6713352.601],[431838.508,6712416.556],[430607.018,6707685.448],[429744.182,6705662.097],[425989.811,6708046.772],[423421.791,6704555.878],[420729.97,6706689.307],[413795.168,6706224.109],[413073.963,6712770.878],[417853.345,6714376.312],[418695.893,6716908.78],[422033.203,6720617.096],[426630.906,6720528.079],[426631.036,6720528.076]]]},"geometry_name":"geom","properties":{"id":5,"kunta":"018","vuosi":2026,"nimi":"Askola","namn":"Askola","name":"Askola"},"bbox":[413073.963,6704555.878,435459.201,6720617.096]},{"type":"Feature","id":"kunta4500k_2026.6","geometry":{"type":"Polygon","coordinates":[[[263938.323,6730398.827],[260508.056,6726673.942],[256331.775,6725335.334],[255415.465,6722817.533],[252771.279,6723487.742],[254539.286,6730559.132],[251038.068,6731421.609],[250110.717,6742255.941],[257539.795,6733857.526],[263938.323,6730398.827]]]},"geometry_name":"geom","properties":{"id":6,"kunta":"019","vuosi":2026,"nimi":"Aura","namn":"Aura","name":"Aura"},"bbox":[250110.717,6722817.533,263938.323,6742255.941]},{"type":"Feature","id":"kunta4500k_2026.7","geometry":{"type":"Polygon","coordinates":[[[328844.117,6792661.711],[336519.806,6787100.617],[334202.592,6781268.489],[336054.713,6777952],[324952.559,6773513.092],[321366.414,6775785.182],[319568.327,6780771.709],[311334.636,6784447.582],[314246.201,6790569.479],[322242.168,6791194.287],[325014.538,6796004.595],[328844.117,6792661.711]]]},"geometry_name":"geom","properties":{"id":7,"kunta":"020","vuosi":2026,"nimi":"Akaa","namn":"Ackas","name":"Akaa"},"bbox":[311334.636,6773513.092,336519.806,6796004.595]},{"type":"Feature","id":"kunta4500k_2026.8","geometry":{"type":"MultiPolygon","coordinates":[[[[176190.4452,6711950.9443],[174261.2579,6704343.9881],[172402.0004,6705083.6818],[171192.4791,6706433.134],[170422.7752,6708982.107],[170262.8296,6710931.3238],[170712.6415,6712430.7243],[173411.5491,6714250.0076],[176190.4452,6711950.9443]]],[[[169503.1217,6713480.2969],[167244.033,6712570.6507],[166184.4531,6713610.2281],[165124.8625,6716758.959],[164964.9222,6717658.5971],[165104.8548,6719907.6951],[166154.426,6721417.0946],[167953.7001,6722176.7986],[169013.2785,6721437.1008],[170082.8634,6718588.2496],[170092.8737,6715729.3971],[169503.1217,6713480.2969]]],[[[177436.58,6719614.0693],[176037.1604,6715875.563],[173738.0801,6716505.2987],[172978.3797,6717554.8736],[172358.6135,6720553.6668],[172488.5367,6725511.6774],[172638.4676,6727310.9559],[173228.2264,6728210.5978],[174287.801,6728220.599],[175797.2064,6725971.5093],[177816.4118,6722762.8073],[177636.4971,6720133.8617],[177436.58,6719614.0693]]]]},"geometry_name":"geom","properties":{"id":8,"kunta":"035","vuosi":2026,"nimi":"Brändö","namn":"Brändö","name":"Brändö"},"bbox":[164964.9222,6704343.9881,177816.4118,6728220.599]},{"type":"Feature","id":"kunta4500k_2026.9","geometry":{"type":"Polygon","coordinates":[[[92735.27391844,6707382.83166021],[92508.364,6706547.46],[94993.499,6699371.516],[93475.00784605,6693318.91613057],[92064.295,6693387.9647],[90854.7755,6694277.6016],[89955.1395,6693677.8375],[88915.5704,6690968.9187],[86806.4172,6690808.9719],[85746.8337,6692448.3089],[85287.008,6694397.5248],[85277.0011,6696506.6788],[86166.6328,6698755.7813],[86316.5664,6699965.297],[84657.2273,6700854.9317],[83747.5891,6701444.6905],[84037.4643,6703104.0265],[85236.9787,6704003.6718],[87646.0078,6704923.3153],[90344.9183,6706292.7798],[92004.2466,6707502.3032],[92735.27391844,6707382.83166021]]]},"geometry_name":"geom","properties":{"id":9,"kunta":"043","vuosi":2026,"nimi":"Eckerö","namn":"Eckerö","name":"Eckerö"},"bbox":[83747.5891,6690808.9719,94993.499,6707502.3032]},{"type":"Feature","id":"kunta4500k_2026.10","geometry":{"type":"Polygon","coordinates":[[[600317.407,6904777.746],[599646.15,6902782.718],[599448.996,6898234.868],[603609.099,6897827.623],[604925.547,6893348.852],[609289.989,6890028.444],[610975.544,6886871.678],[609203.461,6879377.263],[603624.528,6875870.959],[598384.483,6875848.885],[593633.579,6877671.298],[590251.782,6881394.932],[595996.082,6882883.375],[592949,6884760.443],[592005.936,6888707.235],[586067.009,6891079.968],[583254.79,6891874.44],[585905.795,6901046.669],[592041.831,6899079.316],[590936.648,6907357.79],[600317.407,6904777.746]]]},"geometry_name":"geom","properties":{"id":10,"kunta":"046","vuosi":2026,"nimi":"Enonkoski","namn":"Enonkoski","name":"Enonkoski"},"bbox":[583254.79,6875848.885,610975.544,6907357.79]},{"type":"Feature","id":"kunta4500k_2026.11","geometry":{"type":"Polygon","coordinates":[[[414458.47,7606155.54],[418947.929,7588234.057],[405397.163,7587244.1],[394718.448,7580790.26],[382064.357,7561855.598],[379813.189,7561172.107],[373711.623,7558896.763],[373641.706,7562773.413],[367909.121,7563310.809],[364844.569,7567317.933],[347478.073,7566892.529],[345878.353,7564702.22],[340855.704,7562708.413],[339818.763,7565530.192],[340606.008,7575308.789],[338091.344,7577645.075],[337502.342,7581689.548],[332585.316,7585595.171],[328845.409,7589358.465],[328978.769,7591594.639],[326436.408,7592231.382],[324348.899,7592678.015],[321336.815,7595718.905],[321331.148,7597185.859],[318096.576,7597170.474],[314568.692,7598973.819],[312188.015,7601822.436],[309161.671,7599685.372],[309683.817,7603824.534],[305394.172,7603939.953],[301807.194,7603276.112],[297215.9,7604571.493],[295385.951,7611143.028],[291987.413,7616607.394],[284947.68,7618163.489],[284877.908,7621942.958],[281880.734,7626095.449],[274028.284,7630713.035],[274043.107,7636955.654],[273415.947,7638509.831],[269817.936,7638554.282],[267952.679,7644106.434],[259191.939,7654560.938],[254890.348,7654504.93],[253463.1,7659585.376],[256477.851,7661516.402],[255154.931,7664625.263],[253038.261,7667667.977],[250127.838,7671438.297],[245431.475,7672761.217],[243238.707,7674571.778],[250470.957,7680517.905],[263044.62,7669896.14],[265802.13,7677211.78],[263895.03,7679431.84],[261943.932,7687604.548],[263101.055,7690672.101],[266892.342,7694551.354],[274712.645,7699672.756],[288050.239,7694506.83],[306845.179,7657087.14],[307161.09,7652860.431],[312349.459,7642216.793],[312778.75,7629816.301],[319505.541,7632432.574],[329788.186,7625337.079],[339725.231,7624877.973],[344227.47,7617794.981],[355725.67,7624214.321],[365237.82,7625173.24],[367835.23,7630085.33],[370024.363,7637575.002],[373994.08,7639342.62],[378445.301,7638072.857],[381910.19,7632637.89],[385308.294,7633566.049],[384896.35,7629552.91],[388724.329,7626424.829],[402989.349,7620779.9],[409903.159,7615424.808],[412612.09,7607069.13],[414458.47,7606155.54]]]},"geometry_name":"geom","properties":{"id":11,"kunta":"047","vuosi":2026,"nimi":"Enontekiö","namn":"Enontekis","name":"Enontekiö"},"bbox":[243238.707,7558896.763,418947.929,7699672.756]},{"type":"Feature","id":"kunta4500k_2026.12","geometry":{"type":"Polygon","coordinates":[[[375773.698,6691596.517],[377355.891,6680366.179],[379983.85,6681677.614],[379820.93480564,6671252.39496796],[379079.1303,6671248.3154],[376530.1592,6670478.6122],[372621.7409,6668509.3846],[371112.3487,6668349.4413],[370212.7045,6669548.9544],[369303.0659,6670438.5921],[368242.629,6670403.578],[361652.114,6677734.396],[362624.151,6685325.923],[363235.963,6688883.655],[365362.86,6688879.345],[369134.568,6693775.377],[375773.698,6691596.517]],[[377668.703,6678096.224],[374093.29,6680830.364],[370465.298,6679358.135],[370728.196,6676834.314],[372095.265,6674731.13],[375618.099,6674415.652],[377668.703,6678096.224]]]},"geometry_name":"geom","properties":{"id":12,"kunta":"049","vuosi":2026,"nimi":"Espoo","namn":"Esbo","name":"Espoo"},"bbox":[361652.114,6668349.4413,379983.85,6693775.377]},{"type":"Feature","id":"kunta4500k_2026.13","geometry":{"type":"Polygon","coordinates":[[[233394.317,6805753.473],[238966.13,6802053.866],[241334.386,6800405.003],[239160.084,6796013.57],[242760.954,6789472.164],[243379.886,6784226.958],[243395.267,6763918.679],[237353.515,6758229.25],[235893.98,6761936.978],[228110.673,6762167.036],[226929.748,6770748.484],[221421.513,6774809.228],[233925.762,6777536.029],[233102.792,6781832.366],[223873.007,6789854.999],[228320.316,6792513.998],[225662.856,6806606.062],[233394.317,6805753.473]]]},"geometry_name":"geom","properties":{"id":13,"kunta":"050","vuosi":2026,"nimi":"Eura","namn":"Eura","name":"Eura"},"bbox":[221421.513,6758229.25,243395.267,6806606.062]},{"type":"Feature","id":"kunta4500k_2026.14","geometry":{"type":"Polygon","coordinates":[[[208366.79059715,6824316.27719744],[211065.023,6821297.569],[215160.166,6821647.308],[217790.058,6817656.44],[220925.877,6811580.418],[225662.856,6806606.062],[228320.316,6792513.998],[223873.007,6789854.999],[212066.55,6791271.757],[201881.69213046,6801372.25351918],[202229.553,6802834.5879],[202829.3102,6803284.4101],[204038.8253,6803144.4719],[205248.3432,6802394.7785],[207197.5578,6803014.5388],[207037.6144,6804663.8759],[206127.9733,6806003.3339],[206127.9685,6807052.9126],[207347.4673,6809561.911],[207767.2915,6811121.287],[207897.2214,6815019.7225],[206827.6349,6818468.3332],[204708.4656,6822816.5779],[205148.2808,6824615.8577],[208366.79059715,6824316.27719744]]]},"geometry_name":"geom","properties":{"id":14,"kunta":"051","vuosi":2026,"nimi":"Eurajoki","namn":"Euraåminne","name":"Eurajoki"},"bbox":[201881.69213046,6789854.999,228320.316,6824615.8577]},{"type":"Feature","id":"kunta4500k_2026.15","geometry":{"type":"Polygon","coordinates":[[[334929.075,7032219.92],[334844.877,7025032.723],[329447.773,7023604.078],[327057.447,7025404.755],[321659.111,7021930.732],[311141.073,7029353.937],[310586.421,7035650.362],[313922.262,7043392.788],[320481.677,7046141.494],[327811.153,7042330.427],[334929.075,7032219.92]]]},"geometry_name":"geom","properties":{"id":15,"kunta":"052","vuosi":2026,"nimi":"Evijärvi","namn":"Evijärvi","name":"Evijärvi"},"bbox":[310586.421,7021930.732,334929.075,7046141.494]},{"type":"Feature","id":"kunta4500k_2026.16","geometry":{"type":"Polygon","coordinates":[[[114090.812,6697520.839],[114007.88429916,6696184.74396658],[113725.5914,6696206.9453],[112676.0171,6695297.3049],[112404.75655837,6694527.49877557],[108700.646,6695884.607],[103485.322,6693846.502],[101362.572,6702744.511],[103471.305,6709256.637],[103599.6009,6706482.7713],[103459.6742,6703124.1179],[105568.8284,6703064.1527],[106618.4005,6704423.6127],[106908.2772,6705783.0689],[107589.64,6709342.62],[111529.815,6714149.452],[115046.823,6711900.586],[110655.435,6705389.217],[114090.812,6697520.839]]]},"geometry_name":"geom","properties":{"id":16,"kunta":"060","vuosi":2026,"nimi":"Finström","namn":"Finström","name":"Finström"},"bbox":[101362.572,6693846.502,115046.823,6714149.452]},{"type":"Feature","id":"kunta4500k_2026.17","geometry":{"type":"Polygon","coordinates":[[[328776.641,6760201.18],[324225.629,6760248.96],[318038.833,6753668.194],[320586.47,6745606.739],[316771.415,6742928.94],[312251.77,6744213.356],[312868.972,6759376.302],[310490.703,6762013.978],[309143.035,6763855.071],[313441.239,6766750.483],[322286.219,6768255.124],[328776.641,6760201.18]]]},"geometry_name":"geom","properties":{"id":17,"kunta":"061","vuosi":2026,"nimi":"Forssa","namn":"Forssa","name":"Forssa"},"bbox":[309143.035,6742928.94,328776.641,6768255.124]},{"type":"Feature","id":"kunta4500k_2026.92","geometry":{"type":"Polygon","coordinates":[[[313738.511,6896936.1],[310271.169,6895455.317],[306556.562,6888949.323],[298515.309,6889387.86],[292281.129,6912796.944],[300261.951,6915694.297],[304153.954,6917135.548],[313738.511,6896936.1]]]},"geometry_name":"geom","properties":{"id":92,"kunta":"250","vuosi":2026,"nimi":"Kihniö","namn":"Kihniö","name":"Kihniö"},"bbox":[292281.129,6888949.323,313738.511,6917135.548]},{"type":"Feature","id":"kunta4500k_2026.18","geometry":{"type":"MultiPolygon","coordinates":[[[[135077.1678,6668548.1534],[133717.7156,6668098.3269],[129499.4077,6668218.2567],[128299.8866,6668668.0699],[127840.0688,6669117.887],[127690.1266,6669567.7058],[127990.0016,6670467.3463],[129489.3921,6671976.7485],[132488.1801,6673646.0943],[134747.265,6675305.4401],[136696.4788,6676065.1454],[138655.6941,6675775.2719],[140764.8485,6675635.339],[142574.1278,6674595.7656],[143333.8291,6673406.2469],[143183.8971,6671896.8518],[142134.3238,6670847.2676],[139585.353,6669627.7437],[135077.1678,6668548.1534]]],[[[143903.5678,6679713.7186],[143613.6935,6677904.4431],[140754.84,6678044.3722],[138795.6224,6678784.0652],[138035.9234,6679523.7644],[137576.101,6680873.2205],[138775.6134,6682082.7414],[140884.7669,6682092.7483],[142244.2252,6681353.0521],[143903.5678,6679713.7186]]]]},"geometry_name":"geom","properties":{"id":18,"kunta":"062","vuosi":2026,"nimi":"Föglö","namn":"Föglö","name":"Föglö"},"bbox":[127690.1266,6668098.3269,143903.5678,6682092.7483]},{"type":"Feature","id":"kunta4500k_2026.19","geometry":{"type":"Polygon","coordinates":[[[112954.91973268,6716151.8007698],[111529.815,6714149.452],[107589.64,6709342.62],[105538.8014,6710721.081],[104629.1633,6711320.8358],[102819.8883,6711460.7705],[101510.4081,6712540.3308],[101340.4727,6713230.0533],[101760.3011,6713859.8028],[103249.6915,6716268.8441],[105048.9599,6718228.0673],[107148.1117,6719437.5927],[108507.5649,6719747.4752],[110316.8436,6718857.8412],[112954.91973268,6716151.8007698]]]},"geometry_name":"geom","properties":{"id":19,"kunta":"065","vuosi":2026,"nimi":"Geta","namn":"Geta","name":"Geta"},"bbox":[101340.4727,6709342.62,112954.91973268,6719747.4752]},{"type":"Feature","id":"kunta4500k_2026.20","geometry":{"type":"Polygon","coordinates":[[[419904.813,7090244.14],[428100.788,7089104.381],[431776.632,7088599.14],[434089.189,7075393.087],[428750.955,7058267.187],[421096.89,7055672.607],[417999.767,7051437.468],[412982.72,7054781.153],[405883.867,7070321.403],[399151.964,7071604.938],[399885.271,7076388.236],[402630.848,7079703.481],[406670.657,7072973.773],[415019.832,7090620.611],[419904.813,7090244.14]]]},"geometry_name":"geom","properties":{"id":20,"kunta":"069","vuosi":2026,"nimi":"Haapajärvi","namn":"Haapajärvi","name":"Haapajärvi"},"bbox":[399151.964,7051437.468,434089.189,7090620.611]},{"type":"Feature","id":"kunta4500k_2026.21","geometry":{"type":"Polygon","coordinates":[[[440434.527,7109915.434],[434209.923,7107173.092],[430779.081,7098324.959],[428100.788,7089104.381],[419904.813,7090244.14],[409480.343,7101244.43],[403461.736,7106084.121],[398010.991,7110887.267],[400352.008,7113773.541],[410560.796,7124034.406],[412800.27,7130590.981],[412986.623,7134009.983],[425799.694,7138315.664],[429577.58,7125540.654],[440434.527,7109915.434]]]},"geometry_name":"geom","properties":{"id":21,"kunta":"071","vuosi":2026,"nimi":"Haapavesi","namn":"Haapavesi","name":"Haapavesi"},"bbox":[398010.991,7089104.381,440434.527,7138315.664]},{"type":"Feature","id":"kunta4500k_2026.22","geometry":{"type":"Polygon","coordinates":[[[402757.4142,7217978.5974],[405466.3257,7217838.6618],[407875.3555,7218458.42],[409684.6309,7217568.7831],[409684.6363,7215769.5064],[408495.1186,7214410.0493],[406985.7277,7213650.3501],[405036.5117,7213490.4084],[403976.9367,7213780.2887],[402617.48,7214829.8626],[400658.2635,7216169.3183],[399148.8697,7216309.2574],[397649.4766,7214949.7993],[397659.478,7213150.5226],[399178.8774,7209851.8531],[399638.6999,7207452.8189],[399188.8839,7206403.2394],[397989.3698,7205193.7218],[397389.6118,7204883.8446],[395280.4596,7204873.8421],[393921.0005,7206673.1147],[393321.2407,7206962.9963],[392111.7264,7207112.9324],[390912.2108,7206353.234],[388653.1188,7206343.2311],[387593.5415,7207382.81],[386673.8987,7211431.1801],[385764.2556,7214280.0323],[385604.3162,7215479.5497],[386204.071,7216839.0052],[387403.5848,7218198.4624],[389802.6169,7219407.9836],[393111.2848,7220177.6842],[396869.7704,7221397.2054],[399278.8021,7221417.2046],[401547.8963,7219318.0553],[402757.4142,7217978.5974]]]},"geometry_name":"geom","properties":{"id":22,"kunta":"072","vuosi":2026,"nimi":"Hailuoto","namn":"Karlö","name":"Hailuoto"},"bbox":[385604.3162,7204873.8421,409684.6363,7221417.2046]},{"type":"Feature","id":"kunta4500k_2026.23","geometry":{"type":"Polygon","coordinates":[[[374026.326,7046622.371],[378377.148,7046180.973],[374329.738,7029859.59],[370293.451,7029678.875],[368311.879,7025840.863],[358048.851,7025710.982],[355374.182,7034831.3],[355217.569,7044069.025],[352829.619,7047102.871],[355999.493,7053151.35],[366662.923,7043990.815],[374026.326,7046622.371]]]},"geometry_name":"geom","properties":{"id":23,"kunta":"074","vuosi":2026,"nimi":"Halsua","namn":"Halso","name":"Halsua"},"bbox":[352829.619,7025710.982,378377.148,7053151.35]},{"type":"Feature","id":"kunta4500k_2026.24","geometry":{"type":"Polygon","coordinates":[[[524868.521,6722898.181],[521257.299,6718540.708],[519552.214,6713696.147],[521842.515,6709124.799],[521851.36415082,6708079.23187834],[515753.9466,6709223.7009],[514704.3678,6709523.5751],[513704.7703,6709513.5744],[513494.8548,6709513.5734],[508576.8289,6710753.051],[505657.9951,6712622.2845],[504648.4027,6712382.3763],[503099.0282,6712012.5178],[501299.02313228,6710372.49751537],[500509.266,6712616.621],[501560.721,6718737.862],[495742.236,6723645.134],[505632.233,6727767.256],[506789.099,6737940.158],[512275.726,6736120.852],[515916.386,6742996.792],[523282.6,6745336.095],[524868.521,6722898.181]]]},"geometry_name":"geom","properties":{"id":24,"kunta":"075","vuosi":2026,"nimi":"Hamina","namn":"Fredrikshamn","name":"Hamina"},"bbox":[495742.236,6708079.23187834,524868.521,6745336.095]},{"type":"Feature","id":"kunta4500k_2026.25","geometry":{"type":"Polygon","coordinates":[[[103471.305,6709256.637],[101362.572,6702744.511],[103485.322,6693846.502],[100238.171,6689326.416],[97651.76824224,6688216.59272975],[97642.0754,6689969.3647],[95982.7278,6692508.3377],[95223.0302,6692958.1534],[94923.149,6693248.0356],[93475.00784605,6693318.91613057],[94993.499,6699371.516],[92508.364,6706547.46],[92735.27391844,6707382.83166021],[95612.8023,6706912.5582],[98021.8351,6707082.5023],[98621.5931,6707382.3851],[100870.6794,6709651.4864],[103471.305,6709256.637]]]},"geometry_name":"geom","properties":{"id":25,"kunta":"076","vuosi":2026,"nimi":"Hammarland","namn":"Hammarland","name":"Hammarland"},"bbox":[92508.364,6688216.59272975,103485.322,6709651.4864]},{"type":"Feature","id":"kunta4500k_2026.26","geometry":{"type":"Polygon","coordinates":[[[473405.906,6933594.764],[481068.066,6924451.701],[484991.471,6924674.438],[483489.126,6919208.534],[488410.363,6913649.456],[482860.032,6912308.661],[483572.48,6908502.157],[480856.838,6905089.233],[479931.242,6898421.003],[476326.06,6903855.184],[470769.386,6898793.211],[464407.337,6896701.058],[464910.795,6904025.144],[460116.597,6911842.201],[464391.666,6919315.179],[461316.715,6921463.187],[459736.887,6929131.066],[459600.362,6938835.848],[469100.672,6930714.591],[473405.906,6933594.764]]]},"geometry_name":"geom","properties":{"id":26,"kunta":"077","vuosi":2026,"nimi":"Hankasalmi","namn":"Hankasalmi","name":"Hankasalmi"},"bbox":[459600.362,6896701.058,488410.363,6938835.848]},{"type":"Feature","id":"kunta4500k_2026.27","geometry":{"type":"Polygon","coordinates":[[[291425.52572601,6642067.94982074],[290544.8769,6641179.9531],[288445.7276,6639820.4885],[286486.5181,6639210.7234],[283477.7273,6639190.7158],[280618.8755,6639330.6447],[277760.0267,6638860.8186],[276410.5721,6638251.0566],[272652.0888,6637031.5271],[270542.9347,6637321.3996],[269473.3504,6640020.3095],[270972.7393,6641679.6506],[272931.9474,6642589.2953],[277590.0661,6644418.5844],[281338.5527,6645788.0535],[282997.8789,6647147.5158],[283503.86624027,6648692.85543767],[285304.642,6646798.301],[288744.36,6649908.328],[292813.957,6646296.352],[291425.52572601,6642067.94982074]]]},"geometry_name":"geom","properties":{"id":27,"kunta":"078","vuosi":2026,"nimi":"Hanko","namn":"Hangö","name":"Hanko"},"bbox":[269473.3504,6637031.5271,292813.957,6649908.328]},{"type":"Feature","id":"kunta4500k_2026.28","geometry":{"type":"Polygon","coordinates":[[[238966.13,6802053.866],[233394.317,6805753.473],[236183.252,6811797.216],[242061.019,6817512.722],[244149.578,6817574.745],[247259.045,6810958.771],[244226.689,6803166.506],[241337.087,6803968.308],[238966.13,6802053.866]]]},"geometry_name":"geom","properties":{"id":28,"kunta":"079","vuosi":2026,"nimi":"Harjavalta","namn":"Harjavalta","name":"Harjavalta"},"bbox":[233394.317,6802053.866,247259.045,6817574.745]},{"type":"Feature","id":"kunta4500k_2026.29","geometry":{"type":"Polygon","coordinates":[[[463664.516,6830753.345],[461606.118,6822833.076],[460772.728,6810440.832],[455822.769,6806830.846],[449373.925,6816396.362],[445364.086,6811204.568],[439809.134,6816606.016],[444814.719,6823663.43],[439342.653,6827387.981],[440818.199,6834525.122],[434977.032,6839710.96],[439110.805,6852598.036],[443126.909,6850962.418],[446150.804,6846437.748],[449947.341,6845396.168],[454267.839,6832099.924],[457185.449,6835460.267],[462028.369,6836146.618],[463664.516,6830753.345]]]},"geometry_name":"geom","properties":{"id":29,"kunta":"081","vuosi":2026,"nimi":"Hartola","namn":"Gustav Adolfs  ","name":"Hartola"},"bbox":[434977.032,6806830.846,463664.516,6852598.036]},{"type":"Feature","id":"kunta4500k_2026.30","geometry":{"type":"Polygon","coordinates":[[[351222.859,6782799.339],[354730.834,6787129.876],[355196.889,6791753.407],[362954.817,6779248.427],[371780.278,6771929.979],[358369.811,6768777.962],[341735.675,6750423.562],[338916.622,6752582.852],[340045.783,6756274.342],[340566.935,6760790.989],[351667.912,6774016.752],[351222.859,6782799.339]]]},"geometry_name":"geom","properties":{"id":30,"kunta":"082","vuosi":2026,"nimi":"Hattula","namn":"Hattula","name":"Hattula"},"bbox":[338916.622,6750423.562,371780.278,6791753.407]},{"type":"Feature","id":"kunta4500k_2026.31","geometry":{"type":"Polygon","coordinates":[[[397251.575,6749240.891],[397258.069,6744059.536],[399519.499,6739515.226],[394084.197,6733721.417],[398844.389,6732634.254],[396836.372,6726576.903],[392674.162,6729306.24],[381696.299,6727565.336],[382173.614,6739788.296],[375619.809,6742282.469],[381042.701,6750156.68],[388121.993,6747459.986],[390462.576,6754177.542],[393094.362,6756355.692],[396647.61,6755267.619],[397251.575,6749240.891]]]},"geometry_name":"geom","properties":{"id":31,"kunta":"086","vuosi":2026,"nimi":"Hausjärvi","namn":"Hausjärvi","name":"Hausjärvi"},"bbox":[375619.809,6726576.903,399519.499,6756355.692]},{"type":"Feature","id":"kunta4500k_2026.32","geometry":{"type":"Polygon","coordinates":[[[599881.115,6939946.668],[604664.828,6934744.868],[607460.124,6929376.188],[607489.861,6923163.68],[612018.017,6919096.63],[612313.37,6913054.212],[603880.838,6912267.078],[600317.407,6904777.746],[590936.648,6907357.79],[592041.831,6899079.316],[585905.795,6901046.669],[581040.96,6907952.349],[574526.94,6910305.837],[574445.333,6913590.76],[568071.215,6914370.703],[564286.912,6922039.77],[566328.602,6927551.317],[571276.911,6926370.758],[572020.628,6937301.148],[578213.164,6936202.403],[575358.681,6940004.235],[582775.304,6941452.121],[584812.796,6948464.778],[591806.631,6946786.153],[599881.115,6939946.668]]]},"geometry_name":"geom","properties":{"id":32,"kunta":"090","vuosi":2026,"nimi":"Heinävesi","namn":"Heinävesi","name":"Heinävesi"},"bbox":[564286.912,6899079.316,612313.37,6948464.778]},{"type":"Feature","id":"kunta4500k_2026.33","geometry":{"type":"Polygon","coordinates":[[[402737.69091811,6680700.30869839],[402069.8368,6680534.6947],[400326.7544,6678305.8591],[399810.7726,6675086.8749],[398941.126,6674357.1641],[397431.7332,6674347.1606],[395472.5184,6674936.9136],[394872.7626,6674337.1519],[395492.5312,6670738.6025],[394892.7793,6669379.1463],[393243.451,6667719.8055],[392043.9342,6667559.8638],[391134.2971,6668159.618],[391124.2899,6670408.7133],[391124.2847,6671458.2912],[390674.4641,6671758.1683],[387825.6228,6669189.1874],[386466.1719,6668729.3655],[384367.0169,6668569.4193],[382247.8595,6670508.6288],[381638.1018,6671108.3845],[381118.3103,6671208.3417],[380898.3985,6671258.3205],[379820.93480564,6671252.39496796],[379983.85,6681677.614],[390587.083,6685274.051],[394363.4,6682365.63],[393864.189,6679994.381],[396776.252,6679289.143],[398143.117,6680542.14],[397248.729,6682902.962],[399936.362,6684600.244],[404472.412,6685860.104],[403253.471,6683155.565],[402737.69091811,6680700.30869839]]]},"geometry_name":"geom","properties":{"id":33,"kunta":"091","vuosi":2026,"nimi":"Helsinki","namn":"Helsingfors","name":"Helsinki"},"bbox":[379820.93480564,6667559.8638,404472.412,6685860.104]},{"type":"Feature","id":"kunta4500k_2026.34","geometry":{"type":"Polygon","coordinates":[[[392811.802,6694857.167],[399192.714,6692524.36],[396012.765,6689468.365],[398875.337,6687504.945],[399936.362,6684600.244],[397248.729,6682902.962],[398143.117,6680542.14],[396776.252,6679289.143],[393864.189,6679994.381],[394363.4,6682365.63],[390587.083,6685274.051],[379983.85,6681677.614],[377355.891,6680366.179],[375773.698,6691596.517],[382590.573,6697998.256],[387070.673,6690187.983],[391687.909,6691145.787],[392811.802,6694857.167]]]},"geometry_name":"geom","properties":{"id":34,"kunta":"092","vuosi":2026,"nimi":"Vantaa","namn":"Vanda","name":"Vantaa"},"bbox":[375773.698,6679289.143,399936.362,6697998.256]},{"type":"Feature","id":"kunta4500k_2026.35","geometry":{"type":"Polygon","coordinates":[[[491168.661,6857515.602],[493865.734,6844951.219],[499060.835,6840837.128],[497442.151,6830848.061],[501032.721,6826056.219],[498066.771,6818863.905],[491272.186,6821039.772],[488530.409,6826950.072],[485538.118,6825793.039],[481547.89,6828365.992],[479004.744,6826593.347],[474311.498,6832730.575],[474990.739,6841361.132],[471094.853,6849318.25],[466646.517,6852939.703],[467850.329,6858083.904],[475263.126,6856876.047],[479269.288,6858484.524],[480647.414,6851948.556],[484817.659,6854791.46],[491168.661,6857515.602]]]},"geometry_name":"geom","properties":{"id":35,"kunta":"097","vuosi":2026,"nimi":"Hirvensalmi","namn":"Hirvensalmi","name":"Hirvensalmi"},"bbox":[466646.517,6818863.905,501032.721,6858484.524]},{"type":"Feature","id":"kunta4500k_2026.69","geometry":{"type":"Polygon","coordinates":[[[604624.085,6985773.066],[600004.69,6982527.134],[600242.2,6977188.475],[606795.79,6970125.15],[600253.626,6965170.24],[598528.382,6961955.347],[591179.258,6968338.911],[588917.517,6965889.245],[584310.041,6973884.595],[570284.522,6982319.942],[574163.694,6988158.428],[570678.616,6992184.047],[574258.551,6998400.855],[588843.378,7002040.871],[594071.775,6993305.435],[604624.085,6985773.066]]]},"geometry_name":"geom","properties":{"id":69,"kunta":"204","vuosi":2026,"nimi":"Kaavi","namn":"Kaavi","name":"Kaavi"},"bbox":[570284.522,6961955.347,606795.79,7002040.871]},{"type":"Feature","id":"kunta4500k_2026.36","geometry":{"type":"Polygon","coordinates":[[[434407.88,6774122.311],[432492.265,6771257.851],[436402.693,6769081.163],[432532.963,6766959.261],[424345.896,6767384.381],[421051.555,6763473.657],[421760.237,6756264.151],[427180.355,6753111.791],[424231.286,6749173.826],[419007.348,6751029.63],[413193.162,6747622.577],[409042.77,6752005.803],[408592.381,6757777.079],[405921.92,6761994.718],[400802.833,6755954.164],[397251.575,6749240.891],[396647.61,6755267.619],[393094.362,6756355.692],[393495.338,6767837.503],[400270.848,6771210.613],[405156.381,6776822.41],[407223.608,6774944.921],[414239.989,6775727.322],[421278.199,6780454.098],[422536.607,6776416.537],[434407.88,6774122.311]]]},"geometry_name":"geom","properties":{"id":36,"kunta":"098","vuosi":2026,"nimi":"Hollola","namn":"Hollola","name":"Hollola"},"bbox":[393094.362,6747622.577,436402.693,6780454.098]},{"type":"Feature","id":"kunta4500k_2026.37","geometry":{"type":"Polygon","coordinates":[[[281615.645,6792413.385],[280639.54,6785440.994],[283959.59,6778162.734],[282345.246,6774309.421],[274959.606,6781270.399],[273760.975,6769282.367],[267534.562,6768963.192],[262130.106,6772503.933],[260719.766,6782465.649],[256997.76,6790195.252],[264362.048,6804367.733],[266428.884,6798044.509],[277639.413,6796110.485],[281615.645,6792413.385]]]},"geometry_name":"geom","properties":{"id":37,"kunta":"102","vuosi":2026,"nimi":"Huittinen","namn":"Vittis","name":"Huittinen"},"bbox":[256997.76,6768963.192,283959.59,6804367.733]},{"type":"Feature","id":"kunta4500k_2026.38","geometry":{"type":"Polygon","coordinates":[[[309143.035,6763855.071],[310490.703,6762013.978],[305760.046,6753727.789],[297931.884,6755403.995],[297451.456,6756204.328],[299342.652,6763417.689],[294311.243,6768899.488],[297912.327,6770626.756],[303420.561,6769865.451],[309143.035,6763855.071]]]},"geometry_name":"geom","properties":{"id":38,"kunta":"103","vuosi":2026,"nimi":"Humppila","namn":"Humppila","name":"Humppila"},"bbox":[294311.243,6753727.789,310490.703,6770626.756]},{"type":"Feature","id":"kunta4500k_2026.39","geometry":{"type":"Polygon","coordinates":[[[617833.942,7162404.442],[615987.541,7157158.424],[604073.238,7149445.731],[597415.536,7149590.96],[589351.221,7153309.61],[568497.679,7164284.406],[563256.154,7163384.285],[559551.799,7168560.612],[551354.01,7167975.529],[550152.366,7187538.985],[554520.03,7187574.191],[561263.377,7197755.394],[586187.938,7176802.353],[601036.981,7173615.517],[617833.942,7162404.442]]]},"geometry_name":"geom","properties":{"id":39,"kunta":"105","vuosi":2026,"nimi":"Hyrynsalmi","namn":"Hyrynsalmi","name":"Hyrynsalmi"},"bbox":[550152.366,7149445.731,617833.942,7197755.394]},{"type":"Feature","id":"kunta4500k_2026.40","geometry":{"type":"Polygon","coordinates":[[[396836.372,6726576.903],[392888.155,6717249.589],[385516.648,6715109.21],[381270.606,6714198.055],[376652.726,6719107.204],[374069.231,6711386.241],[370926.378,6711258.416],[367281.278,6719098.267],[366906.824,6724299.31],[369728.766,6728123.905],[376423.919,6725649.768],[381696.299,6727565.336],[392674.162,6729306.24],[396836.372,6726576.903]]]},"geometry_name":"geom","properties":{"id":40,"kunta":"106","vuosi":2026,"nimi":"Hyvinkää","namn":"Hyvinge","name":"Hyvinkää"},"bbox":[366906.824,6711258.416,396836.372,6729306.24]},{"type":"Feature","id":"kunta4500k_2026.41","geometry":{"type":"Polygon","coordinates":[[[311109.061,6831687.279],[307564.707,6825931.139],[297708.422,6828597.687],[291405.441,6829696.794],[289257.447,6836126.045],[284530.866,6834895.12],[280215.313,6839376.199],[279058.358,6845083.295],[283831.162,6847779.755],[290205.675,6845736.344],[294495.274,6850353.399],[299858.417,6850425.95],[299241.439,6841628.914],[304643.033,6842528.681],[305853.626,6839216.358],[314955.55,6845505.774],[313875.13,6833059.91],[311109.061,6831687.279]]]},"geometry_name":"geom","properties":{"id":41,"kunta":"108","vuosi":2026,"nimi":"Hämeenkyrö","namn":"Tavastkyro","name":"Hämeenkyrö"},"bbox":[279058.358,6825931.139,314955.55,6850425.95]},{"type":"Feature","id":"kunta4500k_2026.42","geometry":{"type":"Polygon","coordinates":[[[403543.819,6790950.967],[406441.67,6784737.811],[405156.381,6776822.41],[400270.848,6771210.613],[393495.338,6767837.503],[393094.362,6756355.692],[390462.576,6754177.542],[388622.544,6760383.1],[384072.316,6765670.331],[374576.796,6767843.269],[367652.078,6758512.357],[358902.402,6754764.647],[362909.454,6744283.876],[359641.922,6740059.325],[354953.791,6742856.402],[350475.333,6742078.943],[346092.958,6744559.994],[340169.431,6743358.368],[336558.559,6753133.98],[338597.429,6758480.188],[329878.266,6763698.908],[327809.259,6767047.899],[326711.239,6769836.393],[324952.559,6773513.092],[336054.713,6777952],[351222.859,6782799.339],[351667.912,6774016.752],[340566.935,6760790.989],[340045.783,6756274.342],[338916.622,6752582.852],[341735.675,6750423.562],[358369.811,6768777.962],[371780.278,6771929.979],[362954.817,6779248.427],[355196.889,6791753.407],[370046.948,6799056.205],[377133.035,6795284.15],[378562.461,6800257.078],[383440.364,6795461.565],[388341.3,6800758.633],[390255.708,6797156.017],[392300.783,6795110.942],[394254.442,6791800.016],[403543.819,6790950.967]]]},"geometry_name":"geom","properties":{"id":42,"kunta":"109","vuosi":2026,"nimi":"Hämeenlinna","namn":"Tavastehus","name":"Hämeenlinna"},"bbox":[324952.559,6740059.325,406441.67,6800758.633]},{"type":"Feature","id":"kunta4500k_2026.43","geometry":{"type":"Polygon","coordinates":[[[473923.367,6793440.746],[469145.508,6790937.15],[466960.144,6783898.544],[458764.596,6777509.207],[453782.169,6780409.618],[448758.183,6776577.502],[448838.598,6774406.185],[442627.871,6771152.621],[438438.634,6774760.005],[441856.214,6780190.765],[439890.598,6783966.518],[442401.762,6788656.952],[435912.756,6793343.376],[436139.68,6798279.085],[441390.323,6804938.654],[455822.769,6806830.846],[460772.728,6810440.832],[463557.53,6804291.851],[467854.81,6798804.117],[472325.886,6798856.739],[473923.367,6793440.746]]]},"geometry_name":"geom","properties":{"id":43,"kunta":"111","vuosi":2026,"nimi":"Heinola","namn":"Heinola","name":"Heinola"},"bbox":[435912.756,6771152.621,473923.367,6810440.832]},{"type":"Feature","id":"kunta4500k_2026.44","geometry":{"type":"Polygon","coordinates":[[[461385.917,7289578.81],[461012.297,7270595.634],[444079.256,7270323.677],[437101.716,7251320.914],[435439.67,7248167.879],[441023.528,7239065.933],[437389.747,7235913.698],[432388.139,7237418.018],[421537.328,7238769.747],[419694.29225905,7237632.11939149],[419790.5034,7239260.0932],[419820.4896,7239839.8602],[419500.6072,7243588.3523],[417831.2691,7246737.0815],[419480.5985,7249296.0576],[419470.596,7251545.1534],[419450.5945,7254853.8231],[422159.4993,7256962.983],[422899.1967,7258772.2578],[423039.131,7262080.928],[422579.312,7263420.3882],[421119.8915,7265959.3633],[420630.0859,7266829.0122],[418630.8784,7270757.4273],[417261.4205,7273756.2178],[416811.6,7274206.0357],[415612.0823,7274196.0364],[414112.6893,7272686.6389],[412753.2358,7272676.6391],[411993.5386,7273576.2753],[412435.3438,7275846.1464],[412373.19847675,7276001.50971755],[413803.717,7277425.091],[427779.649,7292121.84],[444538.768,7291543.363],[451429.652,7295129.029],[461616.22,7300363.885],[461385.917,7289578.81]]]},"geometry_name":"geom","properties":{"id":44,"kunta":"139","vuosi":2026,"nimi":"Ii","namn":"Ijo","name":"Ii"},"bbox":[411993.5386,7235913.698,461616.22,7300363.885]},{"type":"Feature","id":"kunta4500k_2026.45","geometry":{"type":"Polygon","coordinates":[[[531121.155,7041726.879],[528365.096,7039498.565],[524349.978,7041782.563],[518584.522,7040402.83],[515491.409,7033982.789],[510899.708,7035912.224],[505955.992,7026731.548],[509161.972,7022394.746],[506862.461,7021387.212],[500990.592,7022316.408],[491270.491,7043139.937],[490220.858,7050440.375],[491527.006,7059898.865],[495799.617,7055686.959],[500759.898,7054278.439],[503586.079,7059209.406],[510347.007,7058177.84],[512905.775,7062367.74],[518261.549,7054881.637],[526910.578,7050972.008],[531121.155,7041726.879]]]},"geometry_name":"geom","properties":{"id":45,"kunta":"140","vuosi":2026,"nimi":"Iisalmi","namn":"Idensalmi","name":"Iisalmi"},"bbox":[490220.858,7021387.212,531121.155,7062367.74]},{"type":"Feature","id":"kunta4500k_2026.46","geometry":{"type":"Polygon","coordinates":[[[458764.596,6777509.207],[462858.51,6774862.664],[460459.918,6770786.289],[460305.906,6764308.612],[464639.057,6763016.282],[466839.051,6766033.176],[473201.22,6763979.869],[475299.528,6749932.349],[473441.11,6745133.465],[466200.093,6741287.426],[465911.79,6736341.409],[461850.024,6735056.75],[461849.399,6735056.552],[461849.104,6735056.613],[456859.196,6736092.179],[456859.041,6736092.211],[456858.887,6736094.826],[456571.912,6740982.234],[449867.017,6744814.535],[453348.47,6752760.689],[453295.172,6755614.33],[449069.101,6756033.111],[448153.855,6760150.536],[452204.899,6761389.198],[453144.291,6766188.173],[448838.598,6774406.185],[448758.183,6776577.502],[453782.169,6780409.618],[458764.596,6777509.207]]]},"geometry_name":"geom","properties":{"id":46,"kunta":"142","vuosi":2026,"nimi":"Iitti","namn":"Itis","name":"Iitti"},"bbox":[448153.855,6735056.552,475299.528,6780409.618]},{"type":"Feature","id":"kunta4500k_2026.47","geometry":{"type":"Polygon","coordinates":[[[306526.779,6874055.906],[313482.743,6869776.613],[313272.172,6865203.859],[320723.406,6862841.504],[320599.576,6858758.446],[311293.968,6858349.964],[306768.795,6855635.558],[307461.846,6852875.657],[299858.417,6850425.95],[294495.274,6850353.399],[290205.675,6845736.344],[283831.162,6847779.755],[279058.358,6845083.295],[276013.91,6847427.907],[272227.794,6848590.898],[272629.757,6852498.621],[277644.238,6854132.246],[280289.516,6860650.004],[279042.454,6864236.324],[278572.568,6866949.817],[276267.698,6871570.627],[280543.178,6876588.11],[287866.532,6877633.844],[288135.292,6871074.12],[296291.292,6873549.238],[297717.874,6868660.474],[306184.906,6868744.272],[306526.779,6874055.906]]]},"geometry_name":"geom","properties":{"id":47,"kunta":"143","vuosi":2026,"nimi":"Ikaalinen","namn":"Ikalis","name":"Ikaalinen"},"bbox":[272227.794,6845083.295,320723.406,6877633.844]},{"type":"Feature","id":"kunta4500k_2026.48","geometry":{"type":"Polygon","coordinates":[[[287666.496,6951654.805],[281508.796,6950584.444],[277556.862,6948483.14],[252161.233,6963676.432],[255005.203,6967040.636],[259059.772,6971163.906],[260555.946,6971497.385],[283232.335,6978432.002],[279978.322,6967912.053],[289023.13,6956906.454],[287666.496,6951654.805]]]},"geometry_name":"geom","properties":{"id":48,"kunta":"145","vuosi":2026,"nimi":"Ilmajoki","namn":"Ilmola","name":"Ilmajoki"},"bbox":[252161.233,6948483.14,289023.13,6978432.002]},{"type":"Feature","id":"kunta4500k_2026.49","geometry":{"type":"Polygon","coordinates":[[[711371.311,6927289.108],[704464.81,6923322.525],[703156.58,6929990.366],[706277.332,6931729.156],[702832.078,6934754.105],[702023.075,6933578.153],[698761.961,6939892.019],[697433.185,6941834.867],[692992.356,6942273.809],[690063.132,6945603.494],[690507.255,6948492.426],[684021.086,6953236.458],[683323.602,6955798.038],[679646.666,6956698.066],[681635.824,6964973.057],[676438.586,6975781.177],[674176.414,6984152.019],[670214.749,6989861.773],[683382.17,7001025.496],[696975.582,7006332.632],[699577.354,7010395.895],[713128.42,7014370.859],[714017.153,7012560.12],[714414.404,7008609.681],[715479,7004750.2],[720218,7001115.3],[721727.4,6998658.4],[723675.2,6998113.8],[725739.5,6996131.6],[725161.5,6994058.5],[727936.1,6993156.3],[732907.7,6983723.6],[727123.8,6970806.7],[726378.3,6969426.3],[724098.1,6958659.9],[724041.9,6954173.3],[722685.4,6953366.7],[717382.2,6936831.9],[715527.7,6936175.2],[714731.1,6930793.9],[713490.6,6930279.1],[711371.311,6927289.108]]]},"geometry_name":"geom","properties":{"id":49,"kunta":"146","vuosi":2026,"nimi":"Ilomantsi","namn":"Ilomants","name":"Ilomantsi"},"bbox":[670214.749,6923322.525,732907.7,7014370.859]},{"type":"Feature","id":"kunta4500k_2026.50","geometry":{"type":"Polygon","coordinates":[[[560577.601,7595569.21],[551793.382,7594867.065],[520679.447,7581259.14],[466815.733,7578112.381],[457691.128,7574162.963],[439160.589,7578248.588],[418947.929,7588234.057],[414458.47,7606155.54],[415210.71,7611781.7],[417822.491,7613044.422],[420948.509,7613593.006],[423444.667,7615347.553],[423421.761,7622016.643],[424990.918,7631771.465],[428651.379,7635924.975],[429382.182,7637826.071],[431135.053,7639315.453],[438741.771,7644476.146],[440936.145,7642584.467],[443238.646,7641997.585],[445923.194,7644587.737],[448484.793,7652249.685],[451140.225,7656845.975],[450016.526,7659696.457],[449236.56,7665322.44],[449883.728,7671333.783],[512337.242,7708583.356],[534552.519,7717650.877],[551149.248,7749613.176],[554063.014,7746246.426],[582627.154,7733342.157],[584267.973,7727117.443],[591393.468,7709444.233],[587138.873,7700281.345],[572494.649,7680463.163],[572620.742,7674614.358],[571833.152,7667814.046],[573904.425,7664025.11],[576967.709,7661361.295],[560007.8,7647301.7],[556836.5,7645589.8],[559012.8,7642293],[566777.3,7642600.7],[572439.8,7640848.7],[569068.4,7625464.4],[558541.9,7603716.6],[560577.601,7595569.21]]]},"geometry_name":"geom","properties":{"id":50,"kunta":"148","vuosi":2026,"nimi":"Inari","namn":"Enare","name":"Inari"},"bbox":[414458.47,7574162.963,591393.468,7749613.176]},{"type":"Feature","id":"kunta4500k_2026.70","geometry":{"type":"Polygon","coordinates":[[[554778.497,7132843.339],[538745.374,7115354.196],[540603.218,7102212.076],[552290.472,7086700.074],[545558.664,7080024.947],[526482.682,7092271.614],[522029.293,7090894.056],[505835.73,7095992.143],[493669.471,7101140.706],[489315.436,7103395.369],[488879.423,7121106.639],[488735.814,7126583.419],[491175.06,7130321.575],[497180.609,7133462.036],[501966.818,7129564.258],[509082.061,7131608.553],[520667.276,7129721.824],[538276.348,7137945.896],[554778.497,7132843.339]]]},"geometry_name":"geom","properties":{"id":70,"kunta":"205","vuosi":2026,"nimi":"Kajaani","namn":"Kajana","name":"Kajaani"},"bbox":[488735.814,7080024.947,554778.497,7137945.896]},{"type":"Feature","id":"kunta4500k_2026.51","geometry":{"type":"MultiPolygon","coordinates":[[[[330248.868,6650856.2681],[327679.9075,6649536.7854],[325690.7032,6650326.4578],[325140.9219,6650776.2741],[325620.7269,6651176.1158],[327370.0085,6654144.9313],[330528.7302,6655814.2763],[334137.2816,6655384.4675],[334747.0396,6654784.7117],[334597.1052,6653735.1329],[333697.473,6652535.6106],[330248.868,6650856.2681]]],[[[336005.637,6671797.73],[340836.33,6667267.659],[344553.647,6668990.316],[348368.94703088,6661183.77504729],[346312.3627,6660102.6324],[344812.9686,6659492.87],[343153.6373,6659192.9821],[337735.8149,6659312.9064],[334727.0247,6659292.8992],[330068.9051,6657763.4903],[324811.0312,6655334.44],[322649.22366786,6654237.26818943],[320105.843,6656157.081],[319481.83,6660025.962],[325963.981,6660836.459],[323062.736,6669532.653],[330160.479,6669763.78],[336005.637,6671797.73]]]]},"geometry_name":"geom","properties":{"id":51,"kunta":"149","vuosi":2026,"nimi":"Inkoo","namn":"Ingå","name":"Ingå"},"bbox":[319481.83,6649536.7854,348368.94703088,6671797.73]},{"type":"Feature","id":"kunta4500k_2026.52","geometry":{"type":"Polygon","coordinates":[[[237376.971,6913468.796],[248728.146,6900520.771],[249539.259,6894974.367],[244232.829,6887379.314],[236801.933,6882124.138],[225346.628,6887071.612],[220077.099,6887919.971],[220952.133,6902377.43],[228152.922,6909981.352],[231256.322,6910737.189],[232038.375,6916571.412],[237376.971,6913468.796]]]},"geometry_name":"geom","properties":{"id":52,"kunta":"151","vuosi":2026,"nimi":"Isojoki","namn":"Storå","name":"Isojoki"},"bbox":[220077.099,6882124.138,249539.259,6916571.412]},{"type":"Feature","id":"kunta4500k_2026.53","geometry":{"type":"Polygon","coordinates":[[[281740.866,7002280.853],[274362.056,7000649.615],[267643.189,6988541.706],[266522.011,6978806.995],[260555.946,6971497.385],[259059.772,6971163.906],[258524.271,6981138.982],[253892.615,6990776.106],[259700.002,7001591.214],[279630.013,7004441.65],[281740.866,7002280.853]]]},"geometry_name":"geom","properties":{"id":53,"kunta":"152","vuosi":2026,"nimi":"Isokyrö","namn":"Storkyro","name":"Isokyrö"},"bbox":[253892.615,6971163.906,281740.866,7004441.65]},{"type":"Feature","id":"kunta4500k_2026.54","geometry":{"type":"Polygon","coordinates":[[[608699.025,6785463.269],[606797.8,6783769.1],[605322.7,6781243.5],[601406.6,6780101.1],[598002.6,6777691.7],[597291.9,6774531.2],[595843.841,6772915.996],[593521.7,6775238.009],[593960.82,6780049.722],[591358.837,6789769.532],[593682.619,6791103.442],[597225.264,6790900.146],[599204.259,6792013.805],[598941.403,6795109.88],[602873.162,6795012.41],[603481.503,6789663.155],[608699.025,6785463.269]]]},"geometry_name":"geom","properties":{"id":54,"kunta":"153","vuosi":2026,"nimi":"Imatra","namn":"Imatra","name":"Imatra"},"bbox":[591358.837,6772915.996,608699.025,6795109.88]},{"type":"Feature","id":"kunta4500k_2026.55","geometry":{"type":"Polygon","coordinates":[[[390462.576,6754177.542],[388121.993,6747459.986],[381042.701,6750156.68],[375619.809,6742282.469],[374156.418,6737320.495],[370490.636,6737940.44],[363224.207,6736950.4],[359641.922,6740059.325],[362909.454,6744283.876],[358902.402,6754764.647],[367652.078,6758512.357],[374576.796,6767843.269],[384072.316,6765670.331],[388622.544,6760383.1],[390462.576,6754177.542]]]},"geometry_name":"geom","properties":{"id":55,"kunta":"165","vuosi":2026,"nimi":"Janakkala","namn":"Janakkala","name":"Janakkala"},"bbox":[358902.402,6736950.4,390462.576,6767843.269]},{"type":"Feature","id":"kunta4500k_2026.56","geometry":{"type":"Polygon","coordinates":[[[670214.749,6989861.773],[674176.414,6984152.019],[676438.586,6975781.177],[681635.824,6964973.057],[679646.666,6956698.066],[683323.602,6955798.038],[684021.086,6953236.458],[690507.255,6948492.426],[690063.132,6945603.494],[692992.356,6942273.809],[697433.185,6941834.867],[698761.961,6939892.019],[702023.075,6933578.153],[702832.078,6934754.105],[706277.332,6931729.156],[703156.58,6929990.366],[704464.81,6923322.525],[711371.311,6927289.108],[704158.9,6917526.2],[705197.2,6916976.1],[704369.5,6914483.1],[702317.7,6914882.4],[697744.3,6910157.5],[697697.7,6909076.9],[696752.379,6907881.115],[692811.74,6916450.483],[684631.095,6920784.083],[676421.97,6916391.581],[673700.369,6918742.741],[669615.714,6917470.26],[667369.006,6924760.189],[652577.649,6918908.503],[642761.947,6922622.43],[641593.149,6935279.406],[635560.38,6943237.362],[635129.845,6949861.893],[640937.244,6947585.669],[648754.384,6947504.294],[651244.409,6940711.585],[659635.411,6945837.657],[664344.508,6944403.979],[668582.209,6948948.489],[663198.362,6959111.927],[655004.356,6964709.983],[649880.827,6976093.871],[649790.562,6991216.563],[650852.469,6994189.95],[658838.979,6993077.417],[663795.508,6994446.548],[670214.749,6989861.773]]]},"geometry_name":"geom","properties":{"id":56,"kunta":"167","vuosi":2026,"nimi":"Joensuu","namn":"Joensuu","name":"Joensuu"},"bbox":[635129.845,6907881.115,711371.311,6994446.548]},{"type":"Feature","id":"kunta4500k_2026.57","geometry":{"type":"Polygon","coordinates":[[[312251.77,6744213.356],[309356.367,6739351.631],[304237.405,6739157.851],[302708.357,6747538.716],[297931.884,6755403.995],[305760.046,6753727.789],[310490.703,6762013.978],[312868.972,6759376.302],[312251.77,6744213.356]]]},"geometry_name":"geom","properties":{"id":57,"kunta":"169","vuosi":2026,"nimi":"Jokioinen","namn":"Jockis","name":"Jokioinen"},"bbox":[297931.884,6739157.851,312868.972,6762013.978]},{"type":"Feature","id":"kunta4500k_2026.58","geometry":{"type":"Polygon","coordinates":[[[112404.75655837,6694527.49877557],[111936.3247,6693198.1432],[113325.7729,6692108.5875],[114805.1899,6690059.4172],[114665.2553,6688260.1383],[112229.88457817,6683448.60106583],[111167.312,6682871.143],[110508.704,6689077.139],[104507.968,6688010.342],[104828.86441691,6682608.58498026],[104599.3225,6682642.3399],[103399.8006,6683242.0931],[100990.7655,6683531.9643],[98421.7867,6685311.2373],[97652.0807,6688160.0905],[97651.76824224,6688216.59272975],[100238.171,6689326.416],[103485.322,6693846.502],[108700.646,6695884.607],[112404.75655837,6694527.49877557]]]},"geometry_name":"geom","properties":{"id":58,"kunta":"170","vuosi":2026,"nimi":"Jomala","namn":"Jomala","name":"Jomala"},"bbox":[97651.76824224,6682608.58498026,114805.1899,6695884.607]},{"type":"Feature","id":"kunta4500k_2026.59","geometry":{"type":"Polygon","coordinates":[[[539220.287,6915339.175],[538366.594,6910397.707],[543234.046,6905450.447],[546268.241,6906808.407],[554513.792,6900833.999],[555126.886,6897464.353],[553481.163,6893584.51],[556354.164,6887621.067],[548420.613,6883700.346],[549385.665,6881071.772],[545338.107,6878987.191],[545654.414,6875206.721],[541582.97,6873070.756],[534175.036,6877445.242],[532883.421,6891073.612],[529510.269,6890756.743],[528552.112,6897681.116],[527598.786,6904163.73],[532788.792,6905863.228],[535793.999,6916121.358],[539220.287,6915339.175]]]},"geometry_name":"geom","properties":{"id":59,"kunta":"171","vuosi":2026,"nimi":"Joroinen","namn":"Jorois","name":"Joroinen"},"bbox":[527598.786,6873070.756,556354.164,6916121.358]},{"type":"Feature","id":"kunta4500k_2026.60","geometry":{"type":"Polygon","coordinates":[[[465037.534,6878458.625],[469310.883,6871297.97],[464842.603,6867729.014],[464469.635,6861000.713],[467301.63,6861310.393],[467850.329,6858083.904],[466646.517,6852939.703],[471094.853,6849318.25],[474990.739,6841361.132],[474311.498,6832730.575],[467013.913,6836218.059],[463664.516,6830753.345],[462028.369,6836146.618],[457185.449,6835460.267],[454267.839,6832099.924],[449947.341,6845396.168],[446150.804,6846437.748],[443126.909,6850962.418],[439110.805,6852598.036],[443239.255,6858883.81],[439556.55,6862532.984],[446771.912,6870783.003],[445076.777,6874341.848],[446454.094,6878593.808],[450335.133,6878258.951],[453699.465,6874116.315],[456232.756,6878749.175],[465037.534,6878458.625]]]},"geometry_name":"geom","properties":{"id":60,"kunta":"172","vuosi":2026,"nimi":"Joutsa","namn":"Joutsa","name":"Joutsa"},"bbox":[439110.805,6830753.345,474990.739,6878749.175]},{"type":"Feature","id":"kunta4500k_2026.61","geometry":{"type":"Polygon","coordinates":[[[623462.217,7026722.969],[628947.939,7024433.713],[627689.89,7021221.479],[628915.036,7016435.713],[632038.821,7015479.339],[633314.494,7010501.591],[633040.769,7005612.376],[640895.471,6994382.714],[638619.896,6989157.324],[632099.484,6984754.453],[627921.275,6989100.963],[626219.965,6994930.995],[621912.828,6999802.476],[619052.983,6993850.254],[608711.035,6990737.317],[607783.378,6986258.266],[604624.085,6985773.066],[594071.775,6993305.435],[588843.378,7002040.871],[585462.344,7007121.275],[581015.594,7009316.911],[587025.332,7021459.087],[587931.855,7030006.2],[590998.206,7027816.463],[594549.881,7032666.707],[605056.385,7037424.897],[608878.941,7036930.996],[616616.715,7027941.906],[623462.217,7026722.969]]]},"geometry_name":"geom","properties":{"id":61,"kunta":"176","vuosi":2026,"nimi":"Juuka","namn":"Juga","name":"Juuka"},"bbox":[581015.594,6984754.453,640895.471,7037424.897]},{"type":"Feature","id":"kunta4500k_2026.62","geometry":{"type":"Polygon","coordinates":[[[369984.957,6866558.109],[377255.891,6861121.622],[370787.517,6844919.426],[363548.488,6847647.663],[353977.939,6857778.959],[363795.749,6861227.621],[365474.477,6866870.594],[369984.957,6866558.109]]]},"geometry_name":"geom","properties":{"id":62,"kunta":"177","vuosi":2026,"nimi":"Juupajoki","namn":"Juupajoki","name":"Juupajoki"},"bbox":[353977.939,6844919.426,377255.891,6866870.594]},{"type":"Feature","id":"kunta4500k_2026.63","geometry":{"type":"Polygon","coordinates":[[[534175.036,6877445.242],[541582.97,6873070.756],[545654.414,6875206.721],[556396.161,6868993.185],[559344.14,6872164.633],[564394.436,6870076.615],[564115.078,6867829.082],[560752.952,6865824.964],[557239.91,6861880.163],[559249.198,6858213.434],[558867.867,6853446.806],[562702.54,6848352.274],[558759.954,6845101.096],[562166.891,6843209.649],[559518.216,6837695.486],[559415.165,6832239.94],[551947.353,6836243.877],[551427.064,6830511.306],[547859.379,6823891.352],[546398.533,6829607.932],[546460.769,6835848.308],[542838.406,6839615.065],[534405.459,6840748.452],[528540.621,6847863.152],[522802.566,6859173.242],[522579.014,6863890.232],[524684.224,6867326.26],[520597.747,6872217.053],[520552.042,6874895.344],[524294.171,6878150.65],[534175.036,6877445.242]]]},"geometry_name":"geom","properties":{"id":63,"kunta":"178","vuosi":2026,"nimi":"Juva","namn":"Juva","name":"Juva"},"bbox":[520552.042,6823891.352,564394.436,6878150.65]},{"type":"Feature","id":"kunta4500k_2026.64","geometry":{"type":"Polygon","coordinates":[[[450467.029,6894738.746],[445829.068,6892262.995],[445709.658,6882931.776],[439479.056,6888955.696],[437094.213,6885285.371],[432445.617,6888018.774],[433048.041,6891512.832],[437152.516,6891742.341],[435547.503,6894835.547],[427144.745,6895709.884],[425743.026,6902051.391],[421725.2,6901048.376],[420839.974,6895655.202],[424031.16,6892855.821],[420601.026,6884704.181],[435607.855,6881871.84],[445076.777,6874341.848],[446771.912,6870783.003],[439556.55,6862532.984],[436611.82,6862773.351],[434295.044,6858049.571],[426101.449,6857100.673],[418250.703,6867525.678],[412690.358,6869821.359],[414710.242,6875916.537],[409056.613,6880785.675],[413774.843,6887509.407],[410640.455,6892336.108],[420715.877,6911266.63],[417564.214,6913120.55],[412002.456,6914974.469],[411349.66,6918711.998],[421940.386,6919388.501],[426631.071,6922750.799],[433764.528,6918556.388],[440099.168,6915765.852],[438646.355,6908785.546],[441801.298,6905061.403],[446169.47,6907882.274],[450731.448,6904351.727],[450467.029,6894738.746]]]},"geometry_name":"geom","properties":{"id":64,"kunta":"179","vuosi":2026,"nimi":"Jyväskylä","namn":"Jyväskylä","name":"Jyväskylä"},"bbox":[409056.613,6857100.673,450731.448,6922750.799]},{"type":"Feature","id":"kunta4500k_2026.65","geometry":{"type":"Polygon","coordinates":[[[276267.698,6871570.627],[278572.568,6866949.817],[279042.454,6864236.324],[280289.516,6860650.004],[277644.238,6854132.246],[272629.757,6852498.621],[265239.556,6860206.001],[264506.398,6870917.548],[271747.796,6876503.156],[276267.698,6871570.627]]]},"geometry_name":"geom","properties":{"id":65,"kunta":"181","vuosi":2026,"nimi":"Jämijärvi","namn":"Jämijärvi","name":"Jämijärvi"},"bbox":[264506.398,6852498.621,280289.516,6876503.156]},{"type":"Feature","id":"kunta4500k_2026.66","geometry":{"type":"Polygon","coordinates":[[[410640.455,6892336.108],[413774.843,6887509.407],[409056.613,6880785.675],[414710.242,6875916.537],[412690.358,6869821.359],[418250.703,6867525.678],[426101.449,6857100.673],[422729.752,6850493.619],[416178.333,6847939.183],[413979.945,6843292.71],[395263.851,6850736.808],[389676.252,6843251.025],[391889.348,6834729.064],[384140.798,6838254.77],[380243.861,6842149.361],[379852.07,6848322.915],[385011.119,6850500.343],[377255.891,6861121.622],[369984.957,6866558.109],[375397.616,6875632.581],[381259.133,6878840.604],[389079.739,6882556.808],[386726.012,6888613.35],[394359.983,6899320.787],[401979.077,6893850.477],[410640.455,6892336.108]]]},"geometry_name":"geom","properties":{"id":66,"kunta":"182","vuosi":2026,"nimi":"Jämsä","namn":"Jämsä","name":"Jämsä"},"bbox":[369984.957,6834729.064,426101.449,6899320.787]},{"type":"Feature","id":"kunta4500k_2026.67","geometry":{"type":"Polygon","coordinates":[[[399460.778,6709189.412],[399947.446,6704119.782],[392411.842,6702854.14],[391885.844,6710060.312],[397271.579,6711735.709],[399460.778,6709189.412]]]},"geometry_name":"geom","properties":{"id":67,"kunta":"186","vuosi":2026,"nimi":"Järvenpää","namn":"Träskända","name":"Järvenpää"},"bbox":[391885.844,6702854.14,399947.446,6711735.709]},{"type":"Feature","id":"kunta4500k_2026.68","geometry":{"type":"Polygon","coordinates":[[[257945.707,6702009.431],[255261.63955811,6699429.28259197],[255457.6511,6700245.9974],[255358.7074,6701495.5392],[253999.2476,6702685.0545],[252339.9119,6703124.8696],[251260.3464,6702964.9284],[250840.5153,6702904.9504],[248944.5108,6702786.1222],[247772.1456,6702851.2536],[245818.2035,6702460.4651],[244255.0498,6702330.2023],[242757.0275,6702004.5453],[241649.7936,6701744.0197],[241254.39850232,6701558.67825686],[239767.447,6705590.767],[244865.892,6708294.322],[245370.121,6713650.59],[248908.446,6710537.741],[257212.873,6714707.055],[257945.707,6702009.431]]]},"geometry_name":"geom","properties":{"id":68,"kunta":"202","vuosi":2026,"nimi":"Kaarina","namn":"S:t Karins","name":"Kaarina"},"bbox":[239767.447,6699429.28259197,257945.707,6714707.055]},{"type":"Feature","id":"kunta4500k_2026.71","geometry":{"type":"MultiPolygon","coordinates":[[[[335584.7196,7121077.3224],[333625.5068,7121067.3197],[333175.6844,7121966.9568],[333315.6246,7123016.5356],[333545.5307,7123486.3476],[334005.3428,7124425.9717],[334215.2563,7125045.7234],[334345.2023,7125575.511],[336424.3642,7126405.1847],[337663.8704,7125165.6869],[337663.8747,7123916.1889],[337045.1281,7122505.7534],[336314.4246,7121637.0999],[336143.4937,7121506.152],[335584.7196,7121077.3224]]],[[[368791.01,7133254.305],[364294.474,7127811.214],[367243.758,7123247.233],[360962.992,7121469.11],[370424.741,7104339.038],[368395.877,7102260.559],[359428.975,7098263.923],[357922.837,7108191.109],[352365.044,7111142.042],[347489.105,7102131.132],[340750.179,7098151.94],[333145.54679009,7108319.32489223],[333975.4048,7109811.8428],[333955.3994,7113710.2765],[333945.3962,7115819.4291],[335444.7881,7117478.7676],[336044.5461,7117778.6492],[337446.9752,7119970.7733],[338468.5594,7121568.135],[339676.0672,7123631.3102],[340982.5346,7125915.3969],[343231.6244,7127874.6173],[344421.1333,7131783.051],[345620.6473,7132992.5691],[346970.104,7133302.4491],[347879.7406,7132702.6931],[348479.5036,7131513.1731],[349838.9594,7130913.4186],[350888.5341,7131972.9964],[350878.5296,7134521.9722],[350568.6491,7136021.3687],[351768.1575,7138880.224],[354536.463,7142479.686],[367731.058,7134639.838],[368791.01,7133254.305]]]]},"geometry_name":"geom","properties":{"id":71,"kunta":"208","vuosi":2026,"nimi":"Kalajoki","namn":"Kalajoki","name":"Kalajoki"},"bbox":[333145.54679009,7098151.94,370424.741,7142479.686]},{"type":"Feature","id":"kunta4500k_2026.72","geometry":{"type":"Polygon","coordinates":[[[384608.217,6826356.654],[390777.874,6824551.546],[391802.732,6814673.992],[386004.133,6817676.617],[381899.242,6819489.188],[378918.742,6814558.267],[363858.73,6811612.349],[355052.202,6814610.488],[355135.749,6810364.444],[343703.273,6803095.608],[337216.54,6803488.529],[334112.121,6814346.136],[347270.109,6836030.211],[353699.596,6829178.152],[357714.081,6830878.4],[359126.456,6827513.75],[373679.489,6822313.436],[379648.671,6823439.442],[380221.158,6827896.028],[384608.217,6826356.654]]]},"geometry_name":"geom","properties":{"id":72,"kunta":"211","vuosi":2026,"nimi":"Kangasala","namn":"Kangasala","name":"Kangasala"},"bbox":[334112.121,6803095.608,391802.732,6836030.211]},{"type":"Feature","id":"kunta4500k_2026.73","geometry":{"type":"Polygon","coordinates":[[[492319.43,6888548.702],[491195.965,6882594.132],[493436.446,6879166.913],[498575.037,6878547.675],[506637.48,6870143.566],[499088.696,6863305.51],[496963.839,6865520.29],[492978.885,6863187.214],[491168.661,6857515.602],[484817.659,6854791.46],[480647.414,6851948.556],[479269.288,6858484.524],[475263.126,6856876.047],[467850.329,6858083.904],[467301.63,6861310.393],[464469.635,6861000.713],[464842.603,6867729.014],[469310.883,6871297.97],[465037.534,6878458.625],[459342.968,6887632.55],[464407.337,6896701.058],[470769.386,6898793.211],[476326.06,6903855.184],[479931.242,6898421.003],[480856.838,6905089.233],[483572.48,6908502.157],[485384.356,6902846.349],[484285.139,6897883.586],[492319.43,6888548.702]]]},"geometry_name":"geom","properties":{"id":73,"kunta":"213","vuosi":2026,"nimi":"Kangasniemi","namn":"Kangasniemi","name":"Kangasniemi"},"bbox":[459342.968,6851948.556,506637.48,6908502.157]},{"type":"Feature","id":"kunta4500k_2026.74","geometry":{"type":"Polygon","coordinates":[[[265604.691,6882061.381],[271747.796,6876503.156],[264506.398,6870917.548],[265239.556,6860206.001],[272629.757,6852498.621],[272227.794,6848590.898],[269868.088,6848072.825],[264982.579,6847237.863],[256002.203,6850467.681],[251936.989,6856059.256],[246182.757,6854696.412],[244964.714,6858301.623],[241042.32,6859759.356],[238454.466,6862380.771],[246466.189,6870105.136],[244656.662,6872188.992],[238242.343,6876940.779],[236801.933,6882124.138],[244232.829,6887379.314],[249539.259,6894974.367],[255859.251,6894485.423],[258966.185,6898659.253],[262440.877,6894735.128],[260744.996,6889710.714],[262063.695,6886068.222],[261047.283,6884067.901],[265604.691,6882061.381]]]},"geometry_name":"geom","properties":{"id":74,"kunta":"214","vuosi":2026,"nimi":"Kankaanpää","namn":"Kankaanpää","name":"Kankaanpää"},"bbox":[236801.933,6847237.863,272629.757,6898659.253]},{"type":"Feature","id":"kunta4500k_2026.75","geometry":{"type":"Polygon","coordinates":[[[434367.042,6977417.745],[427279.716,6970716.39],[425536.068,6975968.421],[422124.876,6976321.002],[413384.497,6966506.166],[407443.602,6973074.489],[408039.325,6978522.909],[401860.868,6980949.763],[401391.256,6987961.64],[406862.156,6990601.843],[407056.988,6995879.364],[417980.501,6997686.862],[425653.566,6990167.015],[424979.892,6985052.626],[428316.947,6981900.963],[433193.53,6981213.581],[434367.042,6977417.745]]]},"geometry_name":"geom","properties":{"id":75,"kunta":"216","vuosi":2026,"nimi":"Kannonkoski","namn":"Kannonkoski","name":"Kannonkoski"},"bbox":[401391.256,6966506.166,434367.042,6997686.862]},{"type":"Feature","id":"kunta4500k_2026.76","geometry":{"type":"Polygon","coordinates":[[[359428.975,7098263.923],[364807.017,7086218.885],[358071.505,7085882.339],[353235.56,7081697.494],[351298.905,7073363.513],[343186.243,7085914.396],[338643.791,7090872.876],[340750.179,7098151.94],[347489.105,7102131.132],[352365.044,7111142.042],[357922.837,7108191.109],[359428.975,7098263.923]]]},"geometry_name":"geom","properties":{"id":76,"kunta":"217","vuosi":2026,"nimi":"Kannus","namn":"Kannus","name":"Kannus"},"bbox":[338643.791,7073363.513,364807.017,7111142.042]},{"type":"Feature","id":"kunta4500k_2026.77","geometry":{"type":"Polygon","coordinates":[[[234990.134,6925005.508],[237376.971,6913468.796],[232038.375,6916571.412],[231256.322,6910737.189],[228152.922,6909981.352],[223586.714,6914542.365],[225167.371,6925052.695],[218593.415,6925888.223],[218977.094,6933299.884],[234990.134,6925005.508]]]},"geometry_name":"geom","properties":{"id":77,"kunta":"218","vuosi":2026,"nimi":"Karijoki","namn":"Bötom","name":"Karijoki"},"bbox":[218593.415,6909981.352,237376.971,6933299.884]},{"type":"Feature","id":"kunta4500k_2026.78","geometry":{"type":"Polygon","coordinates":[[[358726.22,6715710.045],[360778.209,6710231.502],[350939.092,6707435.074],[344565.478,6708737.405],[334371.929,6726306.184],[338515.195,6726577.401],[348814.75,6723424.072],[351205.054,6717453.114],[354830.592,6722516.944],[357796.233,6720555.231],[358726.22,6715710.045]]]},"geometry_name":"geom","properties":{"id":78,"kunta":"224","vuosi":2026,"nimi":"Karkkila","namn":"Högfors","name":"Karkkila"},"bbox":[334371.929,6707435.074,360778.209,6726577.401]},{"type":"Feature","id":"kunta4500k_2026.79","geometry":{"type":"Polygon","coordinates":[[[401391.256,6987961.64],[401860.868,6980949.763],[408039.325,6978522.909],[407443.602,6973074.489],[413384.497,6966506.166],[406827.238,6964481.634],[400093.761,6971771.032],[394575.612,6967069.607],[395308.741,6963387.582],[392721.693,6958726.969],[388929.975,6964100.211],[372356.168,6955798.067],[364744.876,6972700.998],[370211.515,6973788.01],[369641.31,6977920.938],[365064.47,6979207.831],[365541.96,6984316.807],[370479.529,6983800.297],[373811.714,6981530.179],[378689.622,6987616.264],[383913.867,6985880.679],[392882.821,6992449.832],[400224.392,6992283.04],[401391.256,6987961.64]]]},"geometry_name":"geom","properties":{"id":79,"kunta":"226","vuosi":2026,"nimi":"Karstula","namn":"Karstula","name":"Karstula"},"bbox":[364744.876,6955798.067,413384.497,6992449.832]},{"type":"Feature","id":"kunta4500k_2026.80","geometry":{"type":"Polygon","coordinates":[[[273716.601,6915336.617],[283701.696,6911326.951],[284575.913,6900287.774],[279725.49,6898572.869],[279532.37,6888121.838],[265604.691,6882061.381],[261047.283,6884067.901],[262063.695,6886068.222],[260744.996,6889710.714],[262440.877,6894735.128],[258966.185,6898659.253],[263397.842,6904604.612],[267352.98,6905639.789],[271593.882,6916626.569],[273716.601,6915336.617]]]},"geometry_name":"geom","properties":{"id":80,"kunta":"230","vuosi":2026,"nimi":"Karvia","namn":"Karvia","name":"Karvia"},"bbox":[258966.185,6882061.381,284575.913,6916626.569]},{"type":"Feature","id":"kunta4500k_2026.81","geometry":{"type":"Polygon","coordinates":[[[204440.8727658,6927681.70641309],[203723.915,6927644.7269],[202848.7523,6927714.4648],[200279.7801,6928474.1491],[198630.4373,6929613.6849],[198508.23513271,6929873.60413271],[203492.34,6934857.709],[207735.564,6930816.098],[204440.8727658,6927681.70641309]]]},"geometry_name":"geom","properties":{"id":81,"kunta":"231","vuosi":2026,"nimi":"Kaskinen","namn":"Kaskö","name":"Kaskinen"},"bbox":[198508.23513271,6927644.7269,207735.564,6934857.709]},{"type":"Feature","id":"kunta4500k_2026.82","geometry":{"type":"Polygon","coordinates":[[[273716.601,6915336.617],[271593.882,6916626.569],[267352.98,6905639.789],[263397.842,6904604.612],[258966.185,6898659.253],[255859.251,6894485.423],[249539.259,6894974.367],[248728.146,6900520.771],[237376.971,6913468.796],[234990.134,6925005.508],[245092.32,6944296.194],[257874.983,6942264.318],[261265.588,6937625.421],[272250.402,6934073.154],[274944.779,6927638.634],[273716.601,6915336.617]]]},"geometry_name":"geom","properties":{"id":82,"kunta":"232","vuosi":2026,"nimi":"Kauhajoki","namn":"Kauhajoki","name":"Kauhajoki"},"bbox":[234990.134,6894485.423,274944.779,6944296.194]},{"type":"Feature","id":"kunta4500k_2026.83","geometry":{"type":"Polygon","coordinates":[[[321659.111,7021930.732],[318018.613,7016143.376],[314685.108,7013286.086],[318971.043,7009158.889],[320884.326,6997585.179],[315535.978,6993865.284],[300323.748,6995032.444],[292795.352,7000398.811],[286845.149,6996808.744],[281740.866,7002280.853],[279630.013,7004441.65],[280966.276,7010093.664],[278943.866,7012914.357],[278742.932,7016933.049],[277939.193,7021755.48],[280240.272,7024528.828],[286772.013,7032681.629],[297027.98,7028587.256],[298653.251,7033398.214],[305165.832,7031400.34],[310586.421,7035650.362],[311141.073,7029353.937],[321659.111,7021930.732]]]},"geometry_name":"geom","properties":{"id":83,"kunta":"233","vuosi":2026,"nimi":"Kauhava","namn":"Kauhava","name":"Kauhava"},"bbox":[277939.193,6993865.284,321659.111,7035650.362]},{"type":"Feature","id":"kunta4500k_2026.84","geometry":{"type":"Polygon","coordinates":[[[377668.703,6678096.224],[375618.099,6674415.652],[372095.265,6674731.13],[370728.196,6676834.314],[370465.298,6679358.135],[374093.29,6680830.364],[377668.703,6678096.224]]]},"geometry_name":"geom","properties":{"id":84,"kunta":"235","vuosi":2026,"nimi":"Kauniainen","namn":"Grankulla","name":"Kauniainen"},"bbox":[370465.298,6674415.652,377668.703,6680830.364]},{"type":"Feature","id":"kunta4500k_2026.85","geometry":{"type":"Polygon","coordinates":[[[355999.493,7053151.35],[352829.619,7047102.871],[347840.168,7044696.36],[343850.803,7048650.267],[333567.123,7043747.806],[330575.888,7053656.422],[325898.683,7055701.029],[322684.58,7059188.11],[325264.099,7064134.802],[330836.143,7062505.089],[338953.924,7064950.882],[355999.493,7053151.35]]]},"geometry_name":"geom","properties":{"id":85,"kunta":"236","vuosi":2026,"nimi":"Kaustinen","namn":"Kaustby","name":"Kaustinen"},"bbox":[322684.58,7043747.806,355999.493,7064950.882]},{"type":"Feature","id":"kunta4500k_2026.86","geometry":{"type":"Polygon","coordinates":[[[480114.214,6990337.464],[480904.221,6987909.067],[476882.933,6985539.054],[466320.21,6989673.188],[460559.19,6995814.834],[457843.939,7002246.838],[456944.478,7016484.555],[456372.244,7022676.481],[453493.984,7025455.896],[458926.46,7034751.371],[470846.145,7014733.361],[474439.419,6998182.904],[480114.214,6990337.464]]]},"geometry_name":"geom","properties":{"id":86,"kunta":"239","vuosi":2026,"nimi":"Keitele","namn":"Keitele","name":"Keitele"},"bbox":[453493.984,6985539.054,480904.221,7034751.371]},{"type":"Feature","id":"kunta4500k_2026.87","geometry":{"type":"Polygon","coordinates":[[[396561.004,7287772.167],[392601.85689486,7283066.84203855],[392361.402,7283452.2504],[392081.5139,7283672.1612],[390842.0024,7287140.7637],[388163.085,7285001.616],[387113.5068,7285001.613],[386053.9302,7285891.2525],[385594.1112,7287240.7089],[386956.5545,7291059.2099],[386709.1876,7293409.1953],[385843.4035,7294646.0298],[384359.2022,7295140.7636],[382603.667,7296353.473],[388688.885,7298654.441],[393000.651,7295717.355],[396561.004,7287772.167]]]},"geometry_name":"geom","properties":{"id":87,"kunta":"240","vuosi":2026,"nimi":"Kemi","namn":"Kemi","name":"Kemi"},"bbox":[382603.667,7283066.84203855,396561.004,7298654.441]},{"type":"Feature","id":"kunta4500k_2026.88","geometry":{"type":"Polygon","coordinates":[[[419356.794,7316762.731],[416468.877,7310433.802],[407079.546,7301988.165],[404373.698,7293467.402],[400758.967,7292919.496],[396561.004,7287772.167],[393000.651,7295717.355],[388688.885,7298654.441],[382603.667,7296353.473],[387089.321,7306689.615],[387125.854,7325545.337],[396119.427,7317613.839],[410967.935,7318480.815],[419356.794,7316762.731]]]},"geometry_name":"geom","properties":{"id":88,"kunta":"241","vuosi":2026,"nimi":"Keminmaa","namn":"Keminmaa","name":"Keminmaa"},"bbox":[382603.667,7287772.167,419356.794,7325545.337]},{"type":"Feature","id":"kunta4500k_2026.89","geometry":{"type":"Polygon","coordinates":[[[439819.994,7198411.25],[436231.204,7192063.566],[431494.369,7192393.78],[426386.798,7197366.2],[425549.598,7200640.147],[428847.322,7202947.939],[434499.733,7202605.988],[439819.994,7198411.25]]]},"geometry_name":"geom","properties":{"id":89,"kunta":"244","vuosi":2026,"nimi":"Kempele","namn":"Kempele","name":"Kempele"},"bbox":[425549.598,7192063.566,439819.994,7202947.939]},{"type":"Feature","id":"kunta4500k_2026.90","geometry":{"type":"Polygon","coordinates":[[[399192.714,6692524.36],[392811.802,6694857.167],[392727.441,6700434.55],[399672.998,6701924.199],[399192.714,6692524.36]]]},"geometry_name":"geom","properties":{"id":90,"kunta":"245","vuosi":2026,"nimi":"Kerava","namn":"Kervo","name":"Kerava"},"bbox":[392727.441,6692524.36,399672.998,6701924.199]},{"type":"Feature","id":"kunta4500k_2026.91","geometry":{"type":"Polygon","coordinates":[[[399970.949,6912665.932],[399808.415,6902188.866],[394359.983,6899320.787],[386726.012,6888613.35],[389079.739,6882556.808],[381259.133,6878840.604],[373009.646,6897253.956],[369833.795,6898652.126],[365958.247,6893853.113],[361261.513,6895753.215],[355176.866,6905410.076],[348523.117,6908389.531],[345455.368,6918226.112],[355768.028,6931075.644],[359907.318,6927395.73],[362483.209,6931740.306],[368249.955,6930732.785],[372926.096,6935477.746],[375469.069,6927104.392],[376963.377,6924244.066],[381693.279,6915890.013],[383004.765,6912698.609],[389767.938,6914972.405],[391277.737,6911128.563],[399970.949,6912665.932]]]},"geometry_name":"geom","properties":{"id":91,"kunta":"249","vuosi":2026,"nimi":"Keuruu","namn":"Keuru","name":"Keuruu"},"bbox":[345455.368,6878840.604,399970.949,6935477.746]},{"type":"Feature","id":"kunta4500k_2026.93","geometry":{"type":"Polygon","coordinates":[[[416414.994,7018353.036],[415187.249,7017754.47],[398765.11,7012978.815],[392350.909,7014159.162],[389814.314,7018219.869],[388595.831,7027489.373],[395339.008,7035351.22],[402107.619,7038128.976],[404408.486,7039073.207],[416414.994,7018353.036]]]},"geometry_name":"geom","properties":{"id":93,"kunta":"256","vuosi":2026,"nimi":"Kinnula","namn":"Kinnula","name":"Kinnula"},"bbox":[388595.831,7012978.815,416414.994,7039073.207]},{"type":"Feature","id":"kunta4500k_2026.94","geometry":{"type":"Polygon","coordinates":[[[362624.151,6685325.923],[361652.114,6677734.396],[368242.629,6670403.578],[368175.2436,6667886.0641],[368643.3514,6666400.2128],[368303.5016,6663711.2925],[363635.4087,6657803.6446],[359737.0001,6653125.5061],[357038.0954,6651156.2842],[355688.6389,6650996.3417],[355228.8192,6651895.9776],[355378.7543,6652795.6166],[358977.2888,6656424.1757],[359277.1652,6657023.9361],[359417.1036,6658073.5147],[358357.5244,6659123.0873],[357307.9465,6659113.086],[354459.1035,6656843.984],[352949.7112,6656694.0366],[352499.8891,6657283.7972],[352489.8854,6658793.1902],[353739.3703,6661312.1837],[353211.131,6663179.187],[349893.018,6675625.877],[352899.518,6681792.724],[357274.66,6686963.923],[362624.151,6685325.923]]]},"geometry_name":"geom","properties":{"id":94,"kunta":"257","vuosi":2026,"nimi":"Kirkkonummi","namn":"Kyrkslätt","name":"Kirkkonummi"},"bbox":[349893.018,6650996.3417,368643.3514,6686963.923]},{"type":"Feature","id":"kunta4500k_2026.95","geometry":{"type":"Polygon","coordinates":[[[681989.846,6886181.724],[680121.5,6882589.5],[677168.938,6878597.138],[675609.878,6876489.027],[673302.4,6874635.5],[673773.7,6872486.2],[673198.796,6871339.993],[671812.7,6871121.6],[668746,6866400.7],[668004.8,6865193.1],[665422.818,6861723.23],[662181.473,6861675.648],[635242.406,6845880.073],[641081.744,6853884.046],[641850.718,6862018.777],[637321.821,6867290.204],[639420.601,6874464.818],[629753.474,6882978.749],[626445.571,6894193.259],[626271.814,6902900.183],[636046.726,6896449.609],[644860.205,6899063.538],[653806.551,6893961.432],[649645.306,6901104.978],[656095.95,6905020.107],[665643.888,6904515.249],[667165.661,6895774.465],[672122.954,6892914.488],[677853.243,6886706.563],[681989.846,6886181.724]]]},"geometry_name":"geom","properties":{"id":95,"kunta":"260","vuosi":2026,"nimi":"Kitee","namn":"Kides","name":"Kitee"},"bbox":[626271.814,6845880.073,681989.846,6905020.107]},{"type":"Feature","id":"kunta4500k_2026.96","geometry":{"type":"Polygon","coordinates":[[[457691.128,7574162.963],[453310.7,7554143.617],[458414.887,7536374.369],[446195.831,7492281.41],[446932.896,7480310.392],[434799.407,7466042.47],[428510.971,7449194.171],[407471.426,7452716.507],[401952.851,7450100.357],[390932.096,7472226.897],[384193.776,7503812.015],[380288.908,7536873.792],[383370.293,7544481.314],[382196.999,7549339.361],[383084.808,7555139.427],[379319.781,7556014.079],[379813.189,7561172.107],[382064.357,7561855.598],[394718.448,7580790.26],[405397.163,7587244.1],[418947.929,7588234.057],[439160.589,7578248.588],[457691.128,7574162.963]]]},"geometry_name":"geom","properties":{"id":96,"kunta":"261","vuosi":2026,"nimi":"Kittilä","namn":"Kittilä","name":"Kittilä"},"bbox":[379319.781,7449194.171,458414.887,7588234.057]},{"type":"Feature","id":"kunta4500k_2026.97","geometry":{"type":"Polygon","coordinates":[[[491527.006,7059898.865],[490220.858,7050440.375],[491270.491,7043139.937],[488574.886,7037053.006],[484711.28,7035042.017],[478187.382,7035850.021],[473181.799,7035108.453],[468195.982,7038983.207],[458422.283,7039438.245],[460032.116,7049273.187],[464854.405,7051516.751],[462785.501,7079521.042],[478421.209,7093042.385],[488147.587,7084239.598],[486900.804,7080158.697],[486715.412,7076450.858],[491906.386,7076450.858],[491428.39,7071142.343],[494795.604,7063069.352],[491527.006,7059898.865]]]},"geometry_name":"geom","properties":{"id":97,"kunta":"263","vuosi":2026,"nimi":"Kiuruvesi","namn":"Kiuruvesi","name":"Kiuruvesi"},"bbox":[458422.283,7035042.017,494795.604,7093042.385]},{"type":"Feature","id":"kunta4500k_2026.98","geometry":{"type":"Polygon","coordinates":[[[415187.249,7017754.47],[415409.531,7013715.616],[417980.501,6997686.862],[407056.988,6995879.364],[406862.156,6990601.843],[401391.256,6987961.64],[400224.392,6992283.04],[392882.821,6992449.832],[387722.5,7002395.289],[387296.023,7017190.734],[389814.314,7018219.869],[392350.909,7014159.162],[398765.11,7012978.815],[415187.249,7017754.47]]]},"geometry_name":"geom","properties":{"id":98,"kunta":"265","vuosi":2026,"nimi":"Kivijärvi","namn":"Kivijärvi","name":"Kivijärvi"},"bbox":[387296.023,6987961.64,417980.501,7018219.869]},{"type":"Feature","id":"kunta4500k_2026.99","geometry":{"type":"Polygon","coordinates":[[[264362.048,6804367.733],[256997.76,6790195.252],[246310.079,6793564.282],[241334.386,6800405.003],[238966.13,6802053.866],[241337.087,6803968.308],[244226.689,6803166.506],[247259.045,6810958.771],[244149.578,6817574.745],[248698.524,6818563.014],[256997.689,6825762.4],[263748.329,6815011.608],[262460.383,6807729.462],[264362.048,6804367.733]]]},"geometry_name":"geom","properties":{"id":99,"kunta":"271","vuosi":2026,"nimi":"Kokemäki","namn":"Kumo","name":"Kokemäki"},"bbox":[238966.13,6790195.252,264362.048,6825762.4]},{"type":"Feature","id":"kunta4500k_2026.100","geometry":{"type":"Polygon","coordinates":[[[333145.54679009,7108319.32489223],[340750.179,7098151.94],[338643.791,7090872.876],[343186.243,7085914.396],[351298.905,7073363.513],[362726.85,7060697.021],[367615.541,7055326.944],[371310.62,7051260.955],[374026.326,7046622.371],[366662.923,7043990.815],[355999.493,7053151.35],[338953.924,7064950.882],[326421.797,7077190.967],[324522.137,7072617.613],[319350.795,7075595.701],[314727.342,7070911.836],[303549.675,7079942.708],[299015.297,7078375.488],[297574.143,7082650.797],[294268.10049847,7091520.26452226],[296570.4906,7092338.7313],[298679.6445,7092048.8551],[299729.2251,7091459.0957],[301858.381,7088320.3638],[302758.0202,7088170.4272],[304257.4137,7089379.9467],[305007.1062,7091189.2227],[305906.7417,7092088.8645],[307556.0787,7092248.8061],[310564.8674,7093018.5075],[314633.2332,7093038.5137],[314953.105,7092958.547],[315232.9928,7092898.5721],[316582.4502,7093048.5166],[317342.1439,7093358.3948],[318691.6018,7093368.3955],[322000.2732,7093228.4633],[322829.9365,7094198.0767],[323199.7855,7094887.8009],[323039.8429,7096837.0173],[322430.0795,7099236.0515],[322090.1879,7107342.7937],[322689.9387,7109751.828],[324939.03,7111261.2294],[325988.6083,7111271.229],[326898.2444,7110821.4129],[329317.2803,7108582.3207],[331126.5571,7107542.7446],[332635.9512,7107402.806],[333145.54679009,7108319.32489223]]]},"geometry_name":"geom","properties":{"id":100,"kunta":"272","vuosi":2026,"nimi":"Kokkola","namn":"Karleby","name":"Kokkola"},"bbox":[294268.10049847,7043990.815,374026.326,7111271.229]},{"type":"Feature","id":"kunta4500k_2026.101","geometry":{"type":"Polygon","coordinates":[[[384193.776,7503812.015],[390932.096,7472226.897],[401952.851,7450100.357],[406913.773,7426046.917],[376198.326,7435268.207],[359824.759,7434659.799],[357960.031,7437076.266],[355421.914,7442440.643],[354891.821,7446597.636],[350832.154,7454621.221],[352900.054,7458577.589],[350865.929,7460629.805],[352383.366,7465367.7],[358698.661,7466585.791],[361014.044,7472128.487],[359183.866,7478159.568],[361465.139,7482730.596],[358473.135,7484659.758],[352081.969,7486903.763],[375438.982,7505181.063],[384193.776,7503812.015]]]},"geometry_name":"geom","properties":{"id":101,"kunta":"273","vuosi":2026,"nimi":"Kolari","namn":"Kolari","name":"Kolari"},"bbox":[350832.154,7426046.917,406913.773,7505181.063]},{"type":"Feature","id":"kunta4500k_2026.102","geometry":{"type":"Polygon","coordinates":[[[471765.145,6962221.13],[479386.969,6942287.987],[473405.906,6933594.764],[469100.672,6930714.591],[459600.362,6938835.848],[459736.887,6929131.066],[455688.132,6929005.09],[450476.004,6939564.802],[454337.693,6941963.477],[460762.497,6949987.9],[455809.048,6953731.546],[455815.178,6959175.019],[452365.219,6961319.414],[450310.043,6966508.131],[456811.171,6968809.34],[467106.855,6957611.173],[471765.145,6962221.13]]]},"geometry_name":"geom","properties":{"id":102,"kunta":"275","vuosi":2026,"nimi":"Konnevesi","namn":"Konnevesi","name":"Konnevesi"},"bbox":[450310.043,6929005.09,479386.969,6968809.34]},{"type":"Feature","id":"kunta4500k_2026.103","geometry":{"type":"Polygon","coordinates":[[[649790.562,6991216.563],[649880.827,6976093.871],[655004.356,6964709.983],[663198.362,6959111.927],[668582.209,6948948.489],[664344.508,6944403.979],[659635.411,6945837.657],[651244.409,6940711.585],[648754.384,6947504.294],[640937.244,6947585.669],[635129.845,6949861.893],[632146.536,6957206.258],[630726.038,6965153.04],[634981.925,6966834.451],[638630.658,6971477.507],[635493.168,6973434.696],[635541.918,6977756.474],[632099.484,6984754.453],[638619.896,6989157.324],[640895.471,6994382.714],[644746.744,6996142.216],[649790.562,6991216.563]]]},"geometry_name":"geom","properties":{"id":103,"kunta":"276","vuosi":2026,"nimi":"Kontiolahti","namn":"Kontiolax","name":"Kontiolahti"},"bbox":[630726.038,6940711.585,668582.209,6996142.216]},{"type":"Feature","id":"kunta4500k_2026.104","geometry":{"type":"MultiPolygon","coordinates":[[[[198060.5134,6966748.7793],[196101.2997,6966738.7754],[195341.5997,6967928.295],[195191.6575,6968528.0537],[195331.5928,6970637.2078],[195781.4069,6971986.6681],[196681.0458,6971996.6677],[198040.5063,6970497.2749],[198800.2074,6968997.8797],[198660.269,6967648.4207],[198060.5134,6966748.7793]]],[[[202818.5532,6979383.7277],[200869.339,6978474.085],[199359.9424,6979063.8423],[198750.1817,6980413.2983],[198900.1192,6981013.0582],[200249.5704,6982822.3375],[202498.663,6984031.8611],[204157.9959,6984341.7433],[205207.5782,6983452.1045],[205067.6404,6981942.7097],[204617.8239,6981193.0088],[202818.5532,6979383.7277]]],[[[209812.632,6977271.893],[212960.376,6971155.43],[208119.84,6961636.346],[201572.233,6964639.084],[197877.18260979,6964598.96371926],[198210.458,6965549.2613],[199260.0332,6966448.9045],[201659.0601,6969017.8832],[201798.9918,6972016.6802],[199979.7111,6974715.5898],[199829.7677,6975615.2282],[200129.6455,6976065.0489],[201029.2827,6976524.8679],[202228.8025,6976224.9931],[204487.897,6975935.1184],[205987.288,6977744.3983],[206876.9142,6981952.7129],[207766.5464,6984661.6292],[208516.2419,6985571.2671],[209715.7581,6986181.0272],[210315.5186,6985881.1499],[211067.8134775,6985212.99856749],[213576.758,6979833.739],[209812.632,6977271.893]]]]},"geometry_name":"geom","properties":{"id":104,"kunta":"280","vuosi":2026,"nimi":"Korsnäs","namn":"Korsnäs","name":"Korsnäs"},"bbox":[195191.6575,6961636.346,213576.758,6986181.0272]},{"type":"Feature","id":"kunta4500k_2026.105","geometry":{"type":"Polygon","coordinates":[[[292306.716,6722632.42],[286367.884,6721621.783],[279891.021,6737345.31],[283433.029,6735783.936],[290626.556,6743768.628],[295306.358,6727167.025],[292306.716,6722632.42]]]},"geometry_name":"geom","properties":{"id":105,"kunta":"284","vuosi":2026,"nimi":"Koski Tl","namn":"Koskis","name":"Koski Tl"},"bbox":[279891.021,6721621.783,295306.358,6743768.628]},{"type":"Feature","id":"kunta4500k_2026.106","geometry":{"type":"MultiPolygon","coordinates":[[[[511055.9674,6682334.5048],[510156.3326,6681724.7459],[508497,6681864.6815],[507887.2404,6682914.256],[508037.1742,6684113.7738],[508786.8665,6685323.2904],[509986.38,6686072.9944],[511495.7736,6685783.1184],[513454.9906,6684593.6068],[513754.872,6684143.7894],[513764.8723,6683244.1517],[512705.3019,6682644.388],[511055.9674,6682334.5048]]],[[[505278.2335,6694759.4743],[504528.5412,6693549.9576],[503329.0234,6693699.8915],[502729.2627,6694139.7115],[501809.6192,6696988.5601],[501649.6786,6698038.1368],[501799.6124,6699247.6506],[502389.3642,6701496.748],[502989.1184,6702406.3846],[503888.7562,6702406.3889],[504348.5732,6701956.5722],[505278.2335,6694759.4743]]],[[[490560.53,6723234.255],[493550.526,6722289.161],[495742.236,6723645.134],[501560.721,6718737.862],[500509.266,6712616.621],[501299.02313228,6710372.49751537],[499950.3095,6709143.6578],[498910.7452,6705535.1055],[499530.5115,6702236.4365],[499080.6984,6701026.9212],[498031.126,6699977.3387],[496531.7326,6699367.577],[495632.0955,6699207.6371],[494312.6249,6699577.4818],[493512.9457,6699797.3894],[491303.41078316,6702423.9301334],[491186.214,6704307.832],[486511.377,6715554.71],[488320.063,6718757.141],[485847.931,6724530.092],[488066.921,6726441.34],[490560.53,6723234.255]]]]},"geometry_name":"geom","properties":{"id":106,"kunta":"285","vuosi":2026,"nimi":"Kotka","namn":"Kotka","name":"Kotka"},"bbox":[485847.931,6681724.7459,513764.8723,6726441.34]},{"type":"Feature","id":"kunta4500k_2026.119","geometry":{"type":"Polygon","coordinates":[[[387722.5,7002395.289],[392882.821,6992449.832],[383913.867,6985880.679],[378689.622,6987616.264],[373811.714,6981530.179],[370479.529,6983800.297],[365541.96,6984316.807],[363260.793,6987161.698],[362458.797,6995675.229],[366787.924,7001300.583],[375623.274,7005527.284],[387722.5,7002395.289]]]},"geometry_name":"geom","properties":{"id":119,"kunta":"312","vuosi":2026,"nimi":"Kyyjärvi","namn":"Kyyjärvi","name":"Kyyjärvi"},"bbox":[362458.797,6981530.179,392882.821,7005527.284]},{"type":"Feature","id":"kunta4500k_2026.120","geometry":{"type":"Polygon","coordinates":[[[413193.162,6747622.577],[414724.928,6741021.646],[411827.672,6736406.795],[407242.505,6736361.608],[402662.436,6746389.445],[397258.069,6744059.536],[397251.575,6749240.891],[400802.833,6755954.164],[405921.92,6761994.718],[408592.381,6757777.079],[409042.77,6752005.803],[413193.162,6747622.577]]]},"geometry_name":"geom","properties":{"id":120,"kunta":"316","vuosi":2026,"nimi":"Kärkölä","namn":"Kärkölä","name":"Kärkölä"},"bbox":[397251.575,6736361.608,414724.928,6761994.718]},{"type":"Feature","id":"kunta4500k_2026.121","geometry":{"type":"Polygon","coordinates":[[[460317.508,7096721.518],[463261.848,7089025.861],[434089.189,7075393.087],[431776.632,7088599.14],[428100.788,7089104.381],[430779.081,7098324.959],[434209.923,7107173.092],[440434.527,7109915.434],[460317.508,7096721.518]]]},"geometry_name":"geom","properties":{"id":121,"kunta":"317","vuosi":2026,"nimi":"Kärsämäki","namn":"Kärsämäki","name":"Kärsämäki"},"bbox":[428100.788,7075393.087,463261.848,7109915.434]},{"type":"Feature","id":"kunta4500k_2026.107","geometry":{"type":"Polygon","coordinates":[[[511075.037,6780901.795],[512322.995,6772856.064],[508131.991,6769735.267],[507631.866,6763970.443],[513081.494,6759824.753],[507372.925,6757364.722],[511567.171,6752118.872],[517612.562,6750506.185],[523282.6,6745336.095],[515916.386,6742996.792],[512275.726,6736120.852],[506789.099,6737940.158],[505632.233,6727767.256],[495742.236,6723645.134],[493550.526,6722289.161],[490560.53,6723234.255],[488066.921,6726441.34],[485847.931,6724530.092],[488320.063,6718757.141],[486511.377,6715554.71],[482653.225,6723766.967],[477973.473,6722914.56],[474886.715,6715538.614],[470378.484,6722709.768],[470374.758,6722711.326],[464319.416,6725243.27],[464319.385,6725243.283],[464314.039,6725245.518],[464312.711,6725246.074],[464312.17,6725248.226],[464307.342,6725267.454],[461849.399,6735056.552],[461850.024,6735056.75],[465911.79,6736341.409],[466200.093,6741287.426],[473441.11,6745133.465],[475299.528,6749932.349],[473201.22,6763979.869],[466839.051,6766033.176],[464639.057,6763016.282],[460305.906,6764308.612],[460459.918,6770786.289],[462858.51,6774862.664],[458764.596,6777509.207],[466960.144,6783898.544],[469145.508,6790937.15],[473923.367,6793440.746],[480372.85,6794826.709],[482347.689,6789964.483],[481801.4,6785877.967],[492083.258,6794395.281],[495744.612,6787935.336],[495275.032,6783192.165],[501677.656,6779725.218],[511075.037,6780901.795]]]},"geometry_name":"geom","properties":{"id":107,"kunta":"286","vuosi":2026,"nimi":"Kouvola","namn":"Kouvola","name":"Kouvola"},"bbox":[458764.596,6715538.614,523282.6,6794826.709]},{"type":"Feature","id":"kunta4500k_2026.108","geometry":{"type":"Polygon","coordinates":[[[228152.922,6909981.352],[220952.133,6902377.43],[220077.099,6887919.971],[208432.048,6887784.308],[203075.98776532,6883478.80820084],[202479.0812,6885401.4462],[200959.6845,6886890.8418],[200659.801,6887790.4794],[200659.7964,6888850.0541],[202439.0647,6892908.4329],[203328.6882,6897416.6273],[205407.8305,6902834.4616],[205697.7026,6905533.3795],[206297.4548,6907192.7161],[207197.0905,6907942.419],[209146.2997,6909911.6369],[209736.0573,6911261.0977],[209885.9901,6912920.4323],[208826.4091,6914409.83],[205057.9179,6915289.461],[204148.2805,6915889.2164],[203848.397,6916788.8541],[204528.1108,6919957.5851],[205327.7855,6920997.1712],[205327.7842,6921297.0509],[206028.65782799,6922603.42611114],[218977.094,6933299.884],[218593.415,6925888.223],[225167.371,6925052.695],[223586.714,6914542.365],[228152.922,6909981.352]]]},"geometry_name":"geom","properties":{"id":108,"kunta":"287","vuosi":2026,"nimi":"Kristiinankaupunki","namn":"Kristinestad","name":"Kristinestad"},"bbox":[200659.7964,6883478.80820084,228152.922,6933299.884]},{"type":"Feature","id":"kunta4500k_2026.109","geometry":{"type":"Polygon","coordinates":[[[338953.924,7064950.882],[330836.143,7062505.089],[325264.099,7064134.802],[322684.58,7059188.11],[325898.683,7055701.029],[330575.888,7053656.422],[333567.123,7043747.806],[334929.075,7032219.92],[327811.153,7042330.427],[320481.677,7046141.494],[309990.452,7062384.659],[299072.406,7067269.228],[294208.135,7074306.894],[299015.297,7078375.488],[303549.675,7079942.708],[314727.342,7070911.836],[319350.795,7075595.701],[324522.137,7072617.613],[326421.797,7077190.967],[338953.924,7064950.882]]]},"geometry_name":"geom","properties":{"id":109,"kunta":"288","vuosi":2026,"nimi":"Kruunupyy","namn":"Kronoby","name":"Kronoby"},"bbox":[294208.135,7032219.92,338953.924,7079942.708]},{"type":"Feature","id":"kunta4500k_2026.110","geometry":{"type":"Polygon","coordinates":[[[643098.6,7165870.1],[643263.6,7159882.5],[645488.5,7156275.4],[645327.2,7154299.7],[647130.9,7150803.3],[646744.2,7145332.2],[650079.5,7141364.7],[654995.1,7139984],[662859.4,7134723.3],[662671.4,7132662.9],[664072.7,7131369.8],[668670.1,7130865.7],[670234.4,7126414.7],[668243.8,7124378.9],[672914,7116577.8],[672194.5,7107229.7],[668642.7,7099655.3],[662902.1,7091174.7],[660434.6,7081278.5],[646581.916,7073365.668],[641828.736,7072259.878],[637169.834,7066938.585],[634339.733,7071800.544],[631746.055,7086294.3],[606127.874,7081796.115],[608266.617,7094962.388],[600218.014,7098870.308],[592138.647,7109360.583],[590027.428,7123473.763],[584731.874,7132752.879],[587606.177,7136319.633],[588189.637,7148017.06],[589351.221,7153309.61],[597415.536,7149590.96],[604073.238,7149445.731],[615987.541,7157158.424],[617833.942,7162404.442],[619866.238,7167998.373],[625313.669,7170409.411],[643098.6,7165870.1]]]},"geometry_name":"geom","properties":{"id":110,"kunta":"290","vuosi":2026,"nimi":"Kuhmo","namn":"Kuhmo","name":"Kuhmo"},"bbox":[584731.874,7066938.585,672914,7170409.411]},{"type":"Feature","id":"kunta4500k_2026.111","geometry":{"type":"Polygon","coordinates":[[[422729.752,6850493.619],[420678.769,6839096.004],[420429.018,6832599.334],[416789.253,6818020.26],[391802.732,6814673.992],[390777.874,6824551.546],[384608.217,6826356.654],[384140.798,6838254.77],[391889.348,6834729.064],[389676.252,6843251.025],[395263.851,6850736.808],[413979.945,6843292.71],[416178.333,6847939.183],[422729.752,6850493.619]]]},"geometry_name":"geom","properties":{"id":111,"kunta":"291","vuosi":2026,"nimi":"Kuhmoinen","namn":"Kuhmois","name":"Kuhmoinen"},"bbox":[384140.798,6814673.992,422729.752,6850736.808]},{"type":"Feature","id":"kunta4500k_2026.112","geometry":{"type":"MultiPolygon","coordinates":[[[[151990.2744,6689060.0093],[150640.8175,6688750.1268],[149731.178,6689649.761],[148511.6482,6693398.2505],[148661.5857,6693848.0707],[150011.0372,6695207.532],[152270.1344,6694467.8404],[153029.8395,6692518.6266],[153039.8477,6690119.5894],[151990.2744,6689060.0093]]],[[[157548.0237,6692998.4571],[156498.4458,6692838.5159],[155588.8078,6693438.2706],[155128.9862,6694637.7868],[154669.1531,6698086.4004],[155258.9104,6699285.922],[157817.8787,6700205.5659],[159477.2203,6698716.1721],[159787.099,6698116.4144],[160246.9251,6696017.2592],[159197.3556,6694207.98],[157548.0237,6692998.4571]]],[[[156148.5335,6703194.3579],[154639.14,6703034.4144],[153889.4364,6703934.0496],[153729.4975,6704533.8081],[154479.1837,6707092.7849],[156578.3329,6708752.1295],[157627.9131,6708462.2512],[158237.6729,6707562.6153],[158097.7374,6705913.2766],[157348.0475,6704103.9989],[156148.5335,6703194.3579]]],[[[165774.6652,6704154.0215],[164875.0309,6703244.382],[162925.8125,6703384.316],[161406.4148,6704873.7105],[161056.5494,6706023.2474],[161846.2178,6708932.0839],[163495.5558,6708942.0882],[164705.0748,6708052.4514],[165614.718,6706403.1179],[165774.6652,6704154.0215]]]]},"geometry_name":"geom","properties":{"id":112,"kunta":"295","vuosi":2026,"nimi":"Kumlinge","namn":"Kumlinge","name":"Kumlinge"},"bbox":[148511.6482,6688750.1268,165774.6652,6708942.0882]},{"type":"Feature","id":"kunta4500k_2026.113","geometry":{"type":"Polygon","coordinates":[[[581015.594,7009316.911],[585462.344,7007121.275],[588843.378,7002040.871],[574258.551,6998400.855],[570678.616,6992184.047],[574163.694,6988158.428],[570284.522,6982319.942],[567959.203,6980279.102],[563375.828,6980222.323],[566063.166,6974856.069],[559343.081,6972366.99],[562706.893,6966552.034],[568048.271,6965776.447],[566063.166,6959653.929],[570162.69,6953150.803],[567248.3,6947448.528],[569835.846,6943143.769],[563838.463,6943154.046],[561782.772,6946876.794],[548027.018,6949316.687],[543247.745,6948906.933],[524686.223,6952902.41],[514109.286,6952466.858],[505977.348,6959220.208],[500611.689,6958409.838],[495364.254,6968874.07],[496957.478,6976209.761],[494704.849,6984371.583],[506358.75,6986208.614],[497811.369,6998703.022],[501070.521,7001496.586],[502473.728,7007114.268],[502288.336,7012305.243],[506214.962,7014024.35],[506862.461,7021387.212],[509161.972,7022394.746],[514974.015,7018311.911],[518007.281,7004928.94],[524803.534,7006266.006],[526526.957,7003766.368],[523293.915,6999040.822],[526102.904,6997298.52],[523755.623,6992728.181],[517823.148,6991099.33],[521289.973,6984943.456],[526824.75,6981938.713],[535002.928,6983119.579],[542207.846,6980499.897],[541746.391,6985127.123],[546110.237,6983863.155],[547766.041,6986670.028],[542029.984,6988348.91],[540574.773,6992449.96],[544756.313,6995055.214],[540533.56,7002518.129],[541090.832,7008879.002],[535150.42,7013637.242],[541381.582,7014688.859],[547045.646,7019492.658],[554366.998,7030987.967],[558276.705,7028434.343],[562945.666,7029138.716],[563553.24,7022845.424],[567136.426,7022506.299],[567946.912,7028009.536],[572001.571,7025540.166],[572668.302,7016790.715],[573697.951,7013932.525],[577843.975,7012082.208],[581015.594,7009316.911]]]},"geometry_name":"geom","properties":{"id":113,"kunta":"297","vuosi":2026,"nimi":"Kuopio","namn":"Kuopio","name":"Kuopio"},"bbox":[494704.849,6943143.769,588843.378,7030987.967]},{"type":"Feature","id":"kunta4500k_2026.114","geometry":{"type":"Polygon","coordinates":[[[339046.709,6963078.849],[334489.89,6960615.783],[329822.445,6962332.912],[323132.857,6951459.805],[318058.915,6951716.892],[309502.375,6961659.038],[310144.482,6965973.224],[316057.644,6979006.882],[323281.486,6981415.652],[339046.709,6963078.849]]]},"geometry_name":"geom","properties":{"id":114,"kunta":"300","vuosi":2026,"nimi":"Kuortane","namn":"Kuortane","name":"Kuortane"},"bbox":[309502.375,6951459.805,339046.709,6981415.652]},{"type":"Feature","id":"kunta4500k_2026.115","geometry":{"type":"Polygon","coordinates":[[[255005.203,6967040.636],[252161.233,6963676.432],[277556.862,6948483.14],[281508.796,6950584.444],[287666.496,6951654.805],[299554.672,6925835.031],[300261.951,6915694.297],[292281.129,6912796.944],[283701.696,6911326.951],[273716.601,6915336.617],[274944.779,6927638.634],[272250.402,6934073.154],[261265.588,6937625.421],[257874.983,6942264.318],[245092.32,6944296.194],[248616.072,6951180.018],[242107.261,6953682.278],[240070.364,6949760.421],[233138.565,6951147.576],[232458.651,6955029.117],[226534.377,6956810.068],[233606.195,6962292.145],[231118.654,6970711.502],[234172.221,6981191.422],[238086.329,6975083.104],[255005.203,6967040.636]]]},"geometry_name":"geom","properties":{"id":115,"kunta":"301","vuosi":2026,"nimi":"Kurikka","namn":"Kurikka","name":"Kurikka"},"bbox":[226534.377,6911326.951,300261.951,6981191.422]},{"type":"Feature","id":"kunta4500k_2026.116","geometry":{"type":"MultiPolygon","coordinates":[[[[196521.0494,6717808.0962],[194861.7156,6717798.092],[192902.4925,6719737.3037],[190773.3309,6723025.9728],[190313.5029,6725574.9472],[190903.2549,6727834.0433],[192402.6448,6729493.3845],[194971.6216,6727854.0553],[197550.6062,6723815.6894],[198230.3407,6722316.2947],[198010.438,6720517.016],[197270.7447,6718557.7989],[196521.0494,6717808.0962]]],[[[188745.3642,6720187.7006],[187385.9108,6720027.7581],[185726.5739,6720627.5091],[184966.8729,6721817.0278],[184047.216,6727074.9125],[183887.2705,6729024.1293],[184187.1464,6729773.8298],[184936.8433,6730223.653],[187505.8276,6727084.9257],[189025.2347,6723646.3136],[189335.1237,6720947.3986],[188745.3642,6720187.7006]]],[[[189295.0936,6730253.6625],[187645.7558,6730243.6583],[185976.417,6732032.9318],[184616.948,6735031.7213],[184457.0063,6736231.239],[185056.7589,6737580.7003],[186106.3323,6738640.2801],[187005.9697,6738950.1601],[188174.1743,6737313.9874],[190194.7235,6732062.9406],[189295.0936,6730253.6625]]]]},"geometry_name":"geom","properties":{"id":116,"kunta":"304","vuosi":2026,"nimi":"Kustavi","namn":"Gustavs","name":"Kustavi"},"bbox":[183887.2705,6717798.092,198230.3407,6738950.1601]},{"type":"Feature","id":"kunta4500k_2026.117","geometry":{"type":"Polygon","coordinates":[[[614767.566,7370520.926],[621347.838,7352612.307],[631979.4,7337161.9],[635664.7,7325640.5],[636100.1,7320803.2],[637395.4,7319511.3],[639794.5,7311620.6],[643867.7,7290028.3],[644242.1,7286581.5],[638519.4,7289404.2],[625258.2,7282170.4],[626870,7279145.9],[632179.8,7273925.6],[627450.617,7266675.49],[617868.763,7267228.37],[610843.098,7266669.204],[602324.006,7268038.776],[595219.732,7273293.823],[588882.281,7281899.838],[585250.544,7276519.878],[576763.503,7278715.804],[575380.486,7292007.532],[569086.753,7303600.565],[568767.928,7308451.269],[562371.144,7316158.058],[563104.105,7320196.602],[570051.364,7321770.669],[575008.83,7319436.645],[579288.478,7321216.143],[579928.398,7325866.071],[573532.923,7328766.401],[572435.541,7335122.877],[577450.11,7336119.469],[578610.673,7349374.686],[571535.284,7350680.086],[568892.525,7357831.516],[575470.26,7375090.259],[600847.92,7367226.299],[600723.816,7369982.334],[614767.566,7370520.926]]]},"geometry_name":"geom","properties":{"id":117,"kunta":"305","vuosi":2026,"nimi":"Kuusamo","namn":"Kuusamo","name":"Kuusamo"},"bbox":[562371.144,7266669.204,644242.1,7375090.259]},{"type":"Feature","id":"kunta4500k_2026.118","geometry":{"type":"Polygon","coordinates":[[[617807.354,6956270.871],[616554.232,6952200.822],[609488.34,6953907.567],[601449.984,6947163.255],[604896.158,6942945.931],[599881.115,6939946.668],[591806.631,6946786.153],[584812.796,6948464.778],[587148.6,6952676.304],[583417.623,6958121.116],[587637.091,6961501.947],[588917.517,6965889.245],[591179.258,6968338.911],[598528.382,6961955.347],[600253.626,6965170.24],[606795.79,6970125.15],[614469.029,6964953.624],[617807.354,6956270.871]]]},"geometry_name":"geom","properties":{"id":118,"kunta":"309","vuosi":2026,"nimi":"Outokumpu","namn":"Outokumpu","name":"Outokumpu"},"bbox":[583417.623,6939946.668,617807.354,6970125.15]},{"type":"Feature","id":"kunta4500k_2026.175","geometry":{"type":"Polygon","coordinates":[[[237803.37,6727309.803],[236439.838,6729692.761],[228271.614,6724502.485],[225072.795,6728409.385],[222406.589,6729193.856],[232273.868,6737930.348],[241639.942,6741580.312],[250110.717,6742255.941],[237803.37,6727309.803]]]},"geometry_name":"geom","properties":{"id":175,"kunta":"538","vuosi":2026,"nimi":"Nousiainen","namn":"Nousis","name":"Nousiainen"},"bbox":[222406.589,6724502.485,250110.717,6742255.941]},{"type":"Feature","id":"kunta4500k_2026.122","geometry":{"type":"Polygon","coordinates":[[[161016.8241,6655783.4122],[159517.426,6655773.4083],[156948.4461,6657862.5563],[156488.6252,6658912.1326],[156788.4993,6659961.7129],[157088.3758,6660571.4697],[158737.7059,6662080.8725],[160836.8594,6662840.5785],[162796.0729,6662850.5847],[164905.2302,6662110.8926],[165814.869,6661361.1983],[165674.9338,6659711.8596],[164775.302,6658352.4006],[164325.4841,6658052.5187],[162816.0916,6657742.6351],[161916.4574,6656842.9916],[161016.8241,6655783.4122]]]},"geometry_name":"geom","properties":{"id":122,"kunta":"318","vuosi":2026,"nimi":"Kökar","namn":"Kökar","name":"Kökar"},"bbox":[156488.6252,6655773.4083,165814.869,6662850.5847]},{"type":"Feature","id":"kunta4500k_2026.123","geometry":{"type":"Polygon","coordinates":[[[538619.006,7418935.014],[541483.522,7406752.682],[546980.802,7398733.474],[551033.17,7398155.997],[552763.624,7390278.19],[547835.893,7376212.218],[550800.376,7368510.817],[543832.875,7367003.429],[535378.621,7368308.192],[526623.087,7364728.303],[518606.762,7352192.601],[511192.147,7356938.071],[505525.802,7360804.936],[486582.212,7383990.811],[484879.162,7411583.272],[478933.385,7425099.02],[506457.122,7432927.822],[525481.596,7432297.638],[529899.708,7429190.254],[538619.006,7418935.014]]]},"geometry_name":"geom","properties":{"id":123,"kunta":"320","vuosi":2026,"nimi":"Kemijärvi","namn":"Kemijärvi","name":"Kemijärvi"},"bbox":[478933.385,7352192.601,552763.624,7432927.822]},{"type":"Feature","id":"kunta4500k_2026.124","geometry":{"type":"MultiPolygon","coordinates":[[[[245832.8334,6642889.0337],[242664.1064,6642869.0252],[241914.4028,6643768.6599],[242054.3427,6644518.3595],[242654.0963,6645577.937],[244753.2436,6647387.2211],[246712.4518,6648296.8659],[249571.3025,6648466.8124],[250620.8847,6647717.1191],[250630.8862,6646667.5408],[250331.0105,6645917.8404],[247782.0456,6643798.6785],[245832.8334,6642889.0337]]],[[[257805.8467,6651581.976],[256606.331,6651122.1546],[253437.6017,6651551.9655],[251478.3827,6652741.4775],[250418.7998,6654390.8094],[250258.8563,6655890.2062],[251158.4894,6656949.7852],[253117.7015,6657109.7311],[255376.7978,6656370.0399],[257186.0794,6654730.7078],[257945.7804,6653531.1936],[258105.7231,6652181.7366],[257805.8467,6651581.976]]],[[[243253.3149,6651388.8583],[240994.2232,6651228.9108],[239944.6409,6651978.6042],[239334.8766,6653767.8823],[240074.5678,6656026.9787],[240974.2017,6656936.6179],[241873.8372,6657536.3817],[243233.2911,6657546.3847],[244442.8106,6656506.8085],[244892.6361,6655307.2927],[244902.6461,6652598.3809],[244162.9479,6651698.7385],[243253.3149,6651388.8583]]],[[[271755.9454,6684956.0229],[268917.1071,6680777.6874],[267877.5369,6678378.646],[269097.0644,6674930.0378],[269936.7408,6672221.1304],[268667.2615,6670121.9674],[268037.5179,6669462.2293],[265368.6045,6666653.3442],[264179.094,6664394.2458],[264179.098,6663604.5631],[264199.1022,6661215.523],[262239.8978,6659576.1716],[260730.5066,6659116.3486],[258021.5942,6659256.2785],[254103.16,6660885.6038],[251984.0107,6661015.5407],[248685.3428,6659656.0699],[246136.3684,6659336.1852],[244177.154,6659626.0587],[242967.6367,6660225.8115],[241148.3498,6663664.4209],[241428.2173,6667572.8523],[241878.0313,6668622.433],[243227.4823,6669981.8939],[246826.0252,6672251.0007],[247425.7804,6673010.6986],[247715.6583,6674110.2584],[247565.7066,6676459.314],[246056.3084,6677348.949],[245746.4283,6678248.586],[247245.816,6680207.8066],[247685.6279,6682466.9013],[248735.1987,6683976.3003],[249185.018,6683976.3026],[251004.2962,6682187.0306],[253413.3284,6682197.0387],[263639.2094,6684356.223],[269047.0286,6685985.5956],[271755.9392,6686185.5289],[271755.9454,6684956.0229]]]]},"geometry_name":"geom","properties":{"id":124,"kunta":"322","vuosi":2026,"nimi":"Kemiönsaari","namn":"Kimitoön","name":"Kimitoön"},"bbox":[239334.8766,6642869.0252,271755.9454,6686185.5289]},{"type":"Feature","id":"kunta4500k_2026.125","geometry":{"type":"Polygon","coordinates":[[[448838.598,6774406.185],[453144.291,6766188.173],[452204.899,6761389.198],[448153.855,6760150.536],[449069.101,6756033.111],[453295.172,6755614.33],[453348.47,6752760.689],[448499.589,6751281.769],[444073.94,6755263.246],[441307.732,6750645.811],[433665.497,6751270.299],[431080.766,6756166.942],[427180.355,6753111.791],[421760.237,6756264.151],[421051.555,6763473.657],[424345.896,6767384.381],[432532.963,6766959.261],[436402.693,6769081.163],[432492.265,6771257.851],[434407.88,6774122.311],[438438.634,6774760.005],[442627.871,6771152.621],[448838.598,6774406.185]]]},"geometry_name":"geom","properties":{"id":125,"kunta":"398","vuosi":2026,"nimi":"Lahti","namn":"Lahtis","name":"Lahti"},"bbox":[421051.555,6750645.811,453348.47,6774760.005]},{"type":"Feature","id":"kunta4500k_2026.126","geometry":{"type":"Polygon","coordinates":[[[253892.615,6990776.106],[258524.271,6981138.982],[259059.772,6971163.906],[255005.203,6967040.636],[238086.329,6975083.104],[234172.221,6981191.422],[235110.453,6984519.06],[242914.54,7001206.841],[253892.615,6990776.106]]]},"geometry_name":"geom","properties":{"id":126,"kunta":"399","vuosi":2026,"nimi":"Laihia","namn":"Laihela","name":"Laihia"},"bbox":[234172.221,6967040.636,259059.772,7001206.841]},{"type":"Feature","id":"kunta4500k_2026.127","geometry":{"type":"Polygon","coordinates":[[[221421.513,6774809.228],[226929.748,6770748.484],[228110.673,6762167.036],[235893.98,6761936.978],[216583.581,6744890.601],[213134.531,6747495.92],[212099.839,6754039.705],[204610.461,6757284.498],[201981.428,6762310.155],[203122.906,6771259.358],[207266.757,6769371.405],[211671.977,6774130.133],[217953.144,6777848.471],[221421.513,6774809.228]]]},"geometry_name":"geom","properties":{"id":127,"kunta":"400","vuosi":2026,"nimi":"Laitila","namn":"Letala","name":"Laitila"},"bbox":[201981.428,6744890.601,235893.98,6777848.471]},{"type":"Feature","id":"kunta4500k_2026.128","geometry":{"type":"Polygon","coordinates":[[[554366.998,7030987.967],[547045.646,7019492.658],[541381.582,7014688.859],[535150.42,7013637.242],[530901.753,7010756.2],[528637.186,7006930.603],[526526.957,7003766.368],[524803.534,7006266.006],[518007.281,7004928.94],[514974.015,7018311.911],[509161.972,7022394.746],[505955.992,7026731.548],[510899.708,7035912.224],[515491.409,7033982.789],[518584.522,7040402.83],[524349.978,7041782.563],[528365.096,7039498.565],[531121.155,7041726.879],[543778.014,7045507.403],[546904.842,7043752.963],[551773.224,7047305.505],[556114.933,7040487.644],[554366.998,7030987.967]]]},"geometry_name":"geom","properties":{"id":128,"kunta":"402","vuosi":2026,"nimi":"Lapinlahti","namn":"Lapinlahti","name":"Lapinlahti"},"bbox":[505955.992,7003766.368,556114.933,7047305.505]},{"type":"Feature","id":"kunta4500k_2026.129","geometry":{"type":"Polygon","coordinates":[[[342611.354,7020368.441],[342199.079,7013709.329],[333800.972,7009399.192],[334329.441,7002293.676],[322692.663,6988079.052],[320884.326,6997585.179],[318971.043,7009158.889],[314685.108,7013286.086],[318018.613,7016143.376],[321659.111,7021930.732],[327057.447,7025404.755],[329447.773,7023604.078],[334844.877,7025032.723],[334929.075,7032219.92],[342611.354,7020368.441]]]},"geometry_name":"geom","properties":{"id":129,"kunta":"403","vuosi":2026,"nimi":"Lappajärvi","namn":"Lappajärvi","name":"Lappajärvi"},"bbox":[314685.108,6988079.052,342611.354,7032219.92]},{"type":"Feature","id":"kunta4500k_2026.130","geometry":{"type":"Polygon","coordinates":[[[591358.837,6789769.532],[593960.82,6780049.722],[593521.7,6775238.009],[595843.841,6772915.996],[592557.9,6768951.3],[591135.7,6761612.9],[589647.6,6758294.4],[582565.6,6758970],[579445.4,6755136.2],[572577.7,6747292.1],[568434.395,6742262.546],[566459.4,6739212.1],[563951.2,6738701.2],[561910.2,6734459.8],[554169.941,6726326.842],[549245.441,6729308.127],[547619.318,6732264.804],[546373.838,6736931.505],[543196.006,6737341.418],[539642.06,6736586.392],[538858.65,6740202.117],[540682.368,6742847.903],[546363.133,6744438.517],[550199.011,6748470.566],[548900.68,6750991.342],[548739.337,6763218.372],[546389.998,6762395.088],[546857.68,6766061.9],[550920.828,6766236.662],[553499.951,6770045.635],[556774.608,6772521.051],[557613.948,6775794.622],[564436.789,6774667.933],[571700.048,6777931.408],[575790.737,6783230.944],[570690.236,6786721.539],[569894.086,6790281.106],[574927.383,6795299.456],[585889.599,6786089.993],[591358.837,6789769.532]]]},"geometry_name":"geom","properties":{"id":130,"kunta":"405","vuosi":2026,"nimi":"Lappeenranta","namn":"Villmanstrand","name":"Lappeenranta"},"bbox":[538858.65,6726326.842,595843.841,6795299.456]},{"type":"Feature","id":"kunta4500k_2026.131","geometry":{"type":"Polygon","coordinates":[[[461849.399,6735056.552],[464307.342,6725267.454],[464312.17,6725248.226],[464312.711,6725246.074],[464312.712,6725245.975],[464402.325,6717584.47],[465962.341,6708271.434],[465962.535,6708270.271],[465962.776,6708268.828],[460791.156,6707331.636],[460787.448,6707336.006],[460787.417,6707336.043],[460787.374,6707336.094],[460786.684,6707336.907],[457279.551,6711470.576],[455795.783,6716236.648],[455757.967,6716358.12],[455754.382,6716356.562],[455754.354,6716356.55],[455754.144,6716356.459],[455753.938,6716356.369],[453524.092,6715387.408],[450583.187,6716852.794],[450583.184,6716852.901],[450583.148,6716854.092],[450583.144,6716854.21],[450583.141,6716854.313],[450583.112,6716855.272],[450573.93,6717145.617],[450468.266,6720487.032],[450464.888,6720593.832],[450464.859,6720594.755],[450469.782,6720591.943],[449925.2,6722130.882],[449391.837,6723638.119],[449391.605,6723638.113],[449387.194,6723637.994],[445343.495,6723529.062],[440101.12,6722859.864],[440101.127,6722859.882],[440102.224,6722862.689],[440102.249,6722862.755],[441785.773,6727171.565],[441787.77,6730507.194],[446949.958,6731617.598],[451349.21,6728185.135],[457124.658,6731439.279],[457124.509,6731441.88],[456859.041,6736092.211],[456859.196,6736092.179],[461849.104,6735056.613],[461849.399,6735056.552]]]},"geometry_name":"geom","properties":{"id":131,"kunta":"407","vuosi":2026,"nimi":"Lapinjärvi","namn":"Lappträsk","name":"Lapinjärvi"},"bbox":[440101.12,6707331.636,465962.776,6736092.211]},{"type":"Feature","id":"kunta4500k_2026.132","geometry":{"type":"Polygon","coordinates":[[[320884.326,6997585.179],[322692.663,6988079.052],[321987.072,6984871.924],[323281.486,6981415.652],[316057.644,6979006.882],[310144.482,6965973.224],[305867.191,6970888.752],[300874.873,6971220.428],[298811.275,6976300.054],[287336.625,6978128.122],[286845.149,6996808.744],[292795.352,7000398.811],[300323.748,6995032.444],[315535.978,6993865.284],[320884.326,6997585.179]]]},"geometry_name":"geom","properties":{"id":132,"kunta":"408","vuosi":2026,"nimi":"Lapua","namn":"Lappo","name":"Lapua"},"bbox":[286845.149,6965973.224,323281.486,7000398.811]},{"type":"Feature","id":"kunta4500k_2026.133","geometry":{"type":"Polygon","coordinates":[[[459736.887,6929131.066],[461316.715,6921463.187],[464391.666,6919315.179],[460116.597,6911842.201],[464910.795,6904025.144],[464407.337,6896701.058],[455003.944,6900756.906],[450467.029,6894738.746],[450731.448,6904351.727],[446169.47,6907882.274],[441801.298,6905061.403],[438646.355,6908785.546],[440099.168,6915765.852],[433764.528,6918556.388],[426631.071,6922750.799],[432762.406,6929615.249],[440218.794,6932844.93],[445216.633,6933094.676],[450476.004,6939564.802],[455688.132,6929005.09],[459736.887,6929131.066]]]},"geometry_name":"geom","properties":{"id":133,"kunta":"410","vuosi":2026,"nimi":"Laukaa","namn":"Laukas","name":"Laukaa"},"bbox":[426631.071,6894738.746,464910.795,6939564.802]},{"type":"Feature","id":"kunta4500k_2026.134","geometry":{"type":"Polygon","coordinates":[[[553499.951,6770045.635],[550920.828,6766236.662],[546857.68,6766061.9],[546389.998,6762395.088],[530962.248,6764893.317],[533313.246,6770086.234],[538206.571,6774453.702],[537395.109,6779784.63],[542196.954,6781271.564],[546363.133,6780340.952],[550332.885,6777705.286],[553499.951,6770045.635]]]},"geometry_name":"geom","properties":{"id":134,"kunta":"416","vuosi":2026,"nimi":"Lemi","namn":"Lemi","name":"Lemi"},"bbox":[530962.248,6762395.088,553499.951,6781271.564]},{"type":"Feature","id":"kunta4500k_2026.135","geometry":{"type":"Polygon","coordinates":[[[111073.10765867,6677607.84164477],[111167.312,6682871.143],[112229.88457817,6683448.60106583],[111920.3475,6682837.0518],[111836.4237,6681782.7223],[113645.701,6681192.9683],[115295.0376,6681502.8526],[117394.1892,6682712.3782],[118753.6445,6682572.4414],[120712.8638,6681532.8686],[121653.9693,6680484.3754],[123084.0275,6677393.6045],[122242.2806,6675685.2228],[122102.3438,6674335.7635],[123453.0748,6673287.9536],[122945.6348,6670289.4445],[121372.6694,6668028.2904],[120473.0305,6668018.2897],[120023.2094,6668318.1671],[119713.3219,6670567.263],[119403.4447,6670867.1411],[117304.2877,6670707.1943],[116534.5864,6672656.4082],[115025.1795,6675045.4419],[112456.1985,6677284.5302],[111073.10765867,6677607.84164477]]]},"geometry_name":"geom","properties":{"id":135,"kunta":"417","vuosi":2026,"nimi":"Lemland","namn":"Lemland","name":"Lemland"},"bbox":[111073.10765867,6668018.2897,123453.0748,6683448.60106583]},{"type":"Feature","id":"kunta4500k_2026.136","geometry":{"type":"Polygon","coordinates":[[[334112.121,6814346.136],[337216.54,6803488.529],[328844.117,6792661.711],[325014.538,6796004.595],[321868.994,6802181.529],[315480.728,6807577.389],[318052.532,6812526.437],[326191.538,6815267.876],[328224.036,6815129.886],[328067.53,6814195.568],[330539.145,6814796.51],[334112.121,6814346.136]]]},"geometry_name":"geom","properties":{"id":136,"kunta":"418","vuosi":2026,"nimi":"Lempäälä","namn":"Lempäälä","name":"Lempäälä"},"bbox":[315480.728,6792661.711,337216.54,6815267.876]},{"type":"Feature","id":"kunta4500k_2026.174","geometry":{"type":"Polygon","coordinates":[[[316192.01,6827073.221],[319633.759,6820693.772],[316022.756,6819963.472],[311934.626,6812066.557],[307206.594,6808297.845],[304406.54,6806217.852],[300602.456,6807010.37],[297788.894,6805221.834],[297115.379,6810655.95],[295841.127,6817361.906],[297805.369,6821523.706],[297708.422,6828597.687],[307564.707,6825931.139],[311109.061,6831687.279],[316192.01,6827073.221]]]},"geometry_name":"geom","properties":{"id":174,"kunta":"536","vuosi":2026,"nimi":"Nokia","namn":"Nokia","name":"Nokia"},"bbox":[295841.127,6805221.834,319633.759,6831687.279]},{"type":"Feature","id":"kunta4500k_2026.137","geometry":{"type":"Polygon","coordinates":[[[569835.846,6943143.769],[575358.681,6940004.235],[578213.164,6936202.403],[572020.628,6937301.148],[571276.911,6926370.758],[566328.602,6927551.317],[564286.912,6922039.77],[568071.215,6914370.703],[563391.216,6913696.347],[553511.758,6907524.679],[547197.076,6916903.133],[542777.24,6913794.059],[539220.287,6915339.175],[535793.999,6916121.358],[521042.272,6930382.162],[523664.549,6935908.372],[523087.657,6942680.115],[527177.268,6944115.934],[524686.223,6952902.41],[543247.745,6948906.933],[548027.018,6949316.687],[561782.772,6946876.794],[563838.463,6943154.046],[569835.846,6943143.769]]]},"geometry_name":"geom","properties":{"id":137,"kunta":"420","vuosi":2026,"nimi":"Leppävirta","namn":"Leppävirta","name":"Leppävirta"},"bbox":[521042.272,6907524.679,578213.164,6952902.41]},{"type":"Feature","id":"kunta4500k_2026.138","geometry":{"type":"Polygon","coordinates":[[[402107.619,7038128.976],[395339.008,7035351.22],[388595.831,7027489.373],[378728.175,7031589.024],[374329.738,7029859.59],[378377.148,7046180.973],[374026.326,7046622.371],[371310.62,7051260.955],[382095.705,7060308.614],[391823.151,7052793.048],[402107.619,7038128.976]]]},"geometry_name":"geom","properties":{"id":138,"kunta":"421","vuosi":2026,"nimi":"Lestijärvi","namn":"Lestijärvi","name":"Lestijärvi"},"bbox":[371310.62,7027489.373,402107.619,7060308.614]},{"type":"Feature","id":"kunta4500k_2026.139","geometry":{"type":"Polygon","coordinates":[[[713128.42,7014370.859],[699577.354,7010395.895],[696975.582,7006332.632],[683382.17,7001025.496],[670214.749,6989861.773],[663795.508,6994446.548],[658838.979,6993077.417],[650852.469,6994189.95],[649790.562,6991216.563],[644746.744,6996142.216],[640895.471,6994382.714],[633040.769,7005612.376],[633314.494,7010501.591],[632038.821,7015479.339],[628915.036,7016435.713],[627689.89,7021221.479],[628947.939,7024433.713],[623462.217,7026722.969],[626129.839,7029195.019],[627904.302,7039900.34],[623984.106,7049030.143],[626047.929,7056606.744],[629078.075,7061770.932],[632676.191,7063354.154],[637169.834,7066938.585],[641828.736,7072259.878],[646581.916,7073365.668],[660849.677,7057333.246],[661679,7054772.2],[668169.6,7050819.3],[673586.4,7042313.5],[689109.1,7036337.4],[692471.2,7032425.8],[696768.7,7031240.5],[699334.4,7026068.8],[701443.5,7025693.3],[704814.993,7023497.605],[707564.2,7021834.3],[709075.8,7019574.7],[713033.4,7017017.1],[713128.42,7014370.859]]]},"geometry_name":"geom","properties":{"id":139,"kunta":"422","vuosi":2026,"nimi":"Lieksa","namn":"Lieksa","name":"Lieksa"},"bbox":[623462.217,6989861.773,713128.42,7073365.668]},{"type":"Feature","id":"kunta4500k_2026.140","geometry":{"type":"Polygon","coordinates":[[[263938.323,6730398.827],[273291.59,6728645.782],[270007.356,6724879.305],[271142.545,6717066.775],[264191.414,6719898.342],[257212.873,6714707.055],[248908.446,6710537.741],[245370.121,6713650.59],[251038.068,6731421.609],[254539.286,6730559.132],[252771.279,6723487.742],[255415.465,6722817.533],[256331.775,6725335.334],[260508.056,6726673.942],[263938.323,6730398.827]]]},"geometry_name":"geom","properties":{"id":140,"kunta":"423","vuosi":2026,"nimi":"Lieto","namn":"Lundo","name":"Lieto"},"bbox":[245370.121,6710537.741,273291.59,6731421.609]},{"type":"Feature","id":"kunta4500k_2026.141","geometry":{"type":"Polygon","coordinates":[[[431494.369,7192393.78],[430081.27,7187732.078],[433690.692,7178700.047],[428546.164,7176629.556],[433331.047,7169974.086],[438980.185,7162550.155],[441206.5,7164962.434],[438223.374,7168900.16],[440595.916,7171403.574],[450859.655,7160509.255],[455702.817,7162152.47],[448843.304,7169496.786],[452184.405,7172837.887],[460177.576,7163264.791],[465921.867,7150589.585],[462321.252,7148806.18],[447759.328,7158032.975],[439513.348,7155303.517],[429259.375,7167927.441],[412772.128,7180091.469],[417849.325,7187535.579],[419565.18531597,7192718.64517702],[419650.7013,7192548.8721],[420030.5509,7191799.1747],[421839.8235,7191809.1763],[422739.4604,7192268.9943],[423789.0341,7193628.451],[423509.1392,7196037.4815],[423296.49952198,7196830.31389591],[426386.798,7197366.2],[431494.369,7192393.78]]]},"geometry_name":"geom","properties":{"id":141,"kunta":"425","vuosi":2026,"nimi":"Liminka","namn":"Limingo","name":"Liminka"},"bbox":[412772.128,7148806.18,465921.867,7197366.2]},{"type":"Feature","id":"kunta4500k_2026.142","geometry":{"type":"Polygon","coordinates":[[[635129.845,6949861.893],[635560.38,6943237.362],[641593.149,6935279.406],[642761.947,6922622.43],[636900.765,6917058.113],[631158.664,6922113.32],[618711.242,6919371.21],[615224.056,6922708.652],[612018.017,6919096.63],[607489.861,6923163.68],[607460.124,6929376.188],[604664.828,6934744.868],[599881.115,6939946.668],[604896.158,6942945.931],[601449.984,6947163.255],[609488.34,6953907.567],[616554.232,6952200.822],[617807.354,6956270.871],[622811.278,6952316.302],[626489.648,6957082.457],[632146.536,6957206.258],[635129.845,6949861.893]]]},"geometry_name":"geom","properties":{"id":142,"kunta":"426","vuosi":2026,"nimi":"Liperi","namn":"Libelits","name":"Liperi"},"bbox":[599881.115,6917058.113,642761.947,6957206.258]},{"type":"Feature","id":"kunta4500k_2026.143","geometry":{"type":"Polygon","coordinates":[[[282345.246,6774309.421],[291954.503,6772407.834],[294311.243,6768899.488],[299342.652,6763417.689],[297451.456,6756204.328],[290311.611,6755994.397],[290386.608,6750853.006],[295059.644,6749230.72],[290626.556,6743768.628],[283433.029,6735783.936],[279891.021,6737345.31],[278463.501,6737971.342],[269332.746,6749678.537],[271071.427,6752430.423],[270251.786,6763214.648],[265716.862,6761265.845],[261728.108,6762641.748],[260943.87,6764023.99],[257779.821,6768440.944],[267534.562,6768963.192],[273760.975,6769282.367],[274959.606,6781270.399],[282345.246,6774309.421]]]},"geometry_name":"geom","properties":{"id":143,"kunta":"430","vuosi":2026,"nimi":"Loimaa","namn":"Loimaa","name":"Loimaa"},"bbox":[257779.821,6735783.936,299342.652,6781270.399]},{"type":"Feature","id":"kunta4500k_2026.144","geometry":{"type":"Polygon","coordinates":[[[359641.922,6740059.325],[363224.207,6736950.4],[370490.636,6737940.44],[374156.418,6737320.495],[372936.214,6734174.137],[369268.605,6730948.148],[369728.766,6728123.905],[366906.824,6724299.31],[367281.278,6719098.267],[365623.834,6716265.571],[358726.22,6715710.045],[357796.233,6720555.231],[354830.592,6722516.944],[351205.054,6717453.114],[348814.75,6723424.072],[338515.195,6726577.401],[340169.431,6743358.368],[346092.958,6744559.994],[350475.333,6742078.943],[354953.791,6742856.402],[359641.922,6740059.325]]]},"geometry_name":"geom","properties":{"id":144,"kunta":"433","vuosi":2026,"nimi":"Loppi","namn":"Loppi","name":"Loppi"},"bbox":[338515.195,6715710.045,374156.418,6744559.994]},{"type":"Feature","id":"kunta4500k_2026.145","geometry":{"type":"MultiPolygon","coordinates":[[[[453399.1798,6681564.5333],[451300.0254,6681404.5874],[449330.8113,6682744.0387],[449030.9275,6683643.6752],[449480.7428,6684393.3757],[450980.1357,6685153.0773],[452939.3465,6685313.0225],[453838.9882,6684563.3286],[454148.8745,6682314.2353],[453399.1798,6681564.5333]]],[[[459706.6215,6685652.9188],[457297.5911,6685632.9151],[455338.3715,6687282.2418],[456118.0447,6689951.1715],[456637.8348,6690101.1137],[458337.1521,6689851.2225],[459696.613,6688201.8929],[460306.3764,6686402.62],[459706.6215,6685652.9188]]],[[[473959.3318,6689550.363],[471700.2411,6689530.3601],[469141.2653,6690719.8689],[468081.6838,6692369.1999],[467921.743,6693418.7767],[468671.4369,6694318.4183],[470030.8897,6694328.4208],[472140.0488,6692689.0909],[474049.2826,6692219.2892],[474499.1073,6691039.7662],[473959.3318,6689550.363]]],[[[473171.244,6710238.94],[469660.843,6706380.052],[471700.599,6701373.312],[471818.38814132,6700238.27603171],[470154.1474,6699315.0368],[466893.6791,6695898.8302],[465234.347,6695888.8261],[464324.7073,6697088.339],[462505.4242,6700227.067],[462155.5648,6700287.0411],[460696.151,6700516.9416],[459796.5167,6699767.2389],[459496.6403,6699157.4829],[459066.8322,6695259.0497],[458537.0486,6694599.3126],[457117.6327,6691940.3758],[456068.0544,6692090.3104],[455158.4154,6693129.8876],[453639.0101,6696578.4924],[451829.7317,6697917.9446],[447591.4162,6702246.1823],[445622.1978,6704485.2718],[444422.6783,6704935.085],[443672.9894,6702975.8697],[445492.2733,6699687.2019],[447011.6728,6697438.1143],[448231.2017,6693389.7493],[451260.0011,6689661.2644],[451419.944,6688161.8686],[450820.1891,6687402.1714],[448561.0997,6687092.2851],[446142.0659,6688581.6739],[445092.4919,6687821.9745],[445862.1954,6685123.0643],[445722.2605,6683323.7877],[445122.5056,6682564.0904],[443413.1934,6682564.082],[442863.4147,6682554.0834],[442423.578,6685352.9549],[441783.8234,6687801.9663],[440762.53809759,6688441.80075347],[441981.101,6697323.176],[434110.318,6706238.575],[435459.201,6713354.279],[441795.1,6715650.319],[445311.835,6723458.764],[445311.902,6723458.914],[445321.21,6723479.581],[445343.495,6723529.062],[449387.194,6723637.994],[449391.605,6723638.113],[449391.837,6723638.119],[449925.2,6722130.882],[450469.782,6720591.943],[450464.859,6720594.755],[450464.888,6720593.832],[450468.266,6720487.032],[450573.93,6717145.617],[450583.112,6716855.272],[450583.141,6716854.313],[450583.144,6716854.21],[450583.148,6716854.092],[450583.184,6716852.901],[450583.187,6716852.794],[453524.092,6715387.408],[455753.938,6716356.369],[455754.144,6716356.459],[455754.354,6716356.55],[455754.382,6716356.562],[455757.967,6716358.12],[455795.783,6716236.648],[457279.551,6711470.576],[460786.684,6707336.907],[460787.374,6707336.094],[460787.417,6707336.043],[460787.448,6707336.006],[460791.156,6707331.636],[465962.776,6708268.828],[465962.535,6708270.271],[465962.341,6708271.434],[464402.325,6717584.47],[464312.712,6725245.975],[464312.711,6725246.074],[464314.039,6725245.518],[464319.385,6725243.283],[464319.416,6725243.27],[470374.758,6722711.326],[470378.484,6722709.768],[474886.715,6715538.614],[475008.681,6713299.022],[472605.358,6712262.216],[473171.244,6710238.94]]]]},"geometry_name":"geom","properties":{"id":145,"kunta":"434","vuosi":2026,"nimi":"Loviisa","namn":"Lovisa","name":"Loviisa"},"bbox":[434110.318,6681404.5874,475008.681,6725246.074]},{"type":"Feature","id":"kunta4500k_2026.146","geometry":{"type":"Polygon","coordinates":[[[439556.55,6862532.984],[443239.255,6858883.81],[439110.805,6852598.036],[434977.032,6839710.96],[430753.738,6843031.205],[426355.357,6839397.129],[420678.769,6839096.004],[422729.752,6850493.619],[426101.449,6857100.673],[434295.044,6858049.571],[436611.82,6862773.351],[439556.55,6862532.984]]]},"geometry_name":"geom","properties":{"id":146,"kunta":"435","vuosi":2026,"nimi":"Luhanka","namn":"Luhanka","name":"Luhanka"},"bbox":[420678.769,6839096.004,443239.255,6862773.351]},{"type":"Feature","id":"kunta4500k_2026.147","geometry":{"type":"Polygon","coordinates":[[[419565.18531597,7192718.64517702],[417849.325,7187535.579],[412772.128,7180091.469],[402826.439,7189072.135],[405072.695,7196857.605],[405098.39258472,7199677.82434528],[405246.4693,7199825.9019],[405546.3478,7200125.7823],[410504.3528,7200755.5445],[414272.8433,7198976.2714],[417601.5121,7196747.1779],[418811.0314,7194947.905],[418970.9704,7193898.3275],[419565.18531597,7192718.64517702]]]},"geometry_name":"geom","properties":{"id":147,"kunta":"436","vuosi":2026,"nimi":"Lumijoki","namn":"Lumijoki","name":"Lumijoki"},"bbox":[402826.439,7180091.469,419565.18531597,7200755.5445]},{"type":"Feature","id":"kunta4500k_2026.148","geometry":{"type":"Polygon","coordinates":[[[126463.3463,6677517.8388],[124953.9519,6677507.835],[124044.3122,6678407.4693],[123284.6046,6680806.5028],[123124.6595,6682605.7801],[123424.533,6683805.3004],[124164.2292,6685164.7587],[126263.3753,6687423.8631],[127622.8306,6687283.9263],[128082.6615,6684285.1319],[127043.0965,6680826.5143],[127362.9821,6678127.5988],[126463.3463,6677517.8388]]]},"geometry_name":"geom","properties":{"id":148,"kunta":"438","vuosi":2026,"nimi":"Lumparland","namn":"Lumparland","name":"Lumparland"},"bbox":[123124.6595,6677507.835,128082.6615,6687423.8631]},{"type":"Feature","id":"kunta4500k_2026.149","geometry":{"type":"MultiPolygon","coordinates":[[[[283085.9595,7077254.7411],[282186.3208,7077244.7419],[281426.6238,7077844.4983],[280666.9202,7080243.5322],[281256.6721,7083402.2659],[281696.4907,7084751.7255],[282746.0665,7085511.4242],[284415.4015,7084022.0282],[284875.2248,7081772.9331],[284435.4117,7078914.0796],[283085.9595,7077254.7411]]],[[[294208.135,7074306.894],[291766.748,7069903.87],[285640.40045434,7073216.66950029],[287014.3926,7074275.9514],[287464.212,7074275.9531],[287764.0905,7074575.8337],[288063.9663,7075635.4093],[288483.7862,7078834.1262],[287124.3189,7082532.636],[286974.3738,7084032.0333],[288163.8913,7085391.4916],[290273.0405,7086451.0736],[291762.4328,7089159.9909],[293351.7879,7091029.2458],[293561.7027,7091269.1502],[294268.10049847,7091520.26452226],[297574.143,7082650.797],[299015.297,7078375.488],[294208.135,7074306.894]]]]},"geometry_name":"geom","properties":{"id":149,"kunta":"440","vuosi":2026,"nimi":"Luoto","namn":"Larsmo","name":"Larsmo"},"bbox":[280666.9202,7069903.87,299015.297,7091520.26452226]},{"type":"Feature","id":"kunta4500k_2026.150","geometry":{"type":"Polygon","coordinates":[[[530962.248,6764893.317],[546389.998,6762395.088],[548739.337,6763218.372],[548900.68,6750991.342],[550199.011,6748470.566],[546363.133,6744438.517],[540682.368,6742847.903],[538858.65,6740202.117],[532977.917,6741313.207],[527469.948,6740530.869],[523282.6,6745336.095],[517612.562,6750506.185],[511567.171,6752118.872],[507372.925,6757364.722],[513081.494,6759824.753],[507631.866,6763970.443],[508131.991,6769735.267],[512322.995,6772856.064],[519645.127,6774135.687],[522930.07,6766315.783],[530962.248,6764893.317]]]},"geometry_name":"geom","properties":{"id":150,"kunta":"441","vuosi":2026,"nimi":"Luumäki","namn":"Luumäki","name":"Luumäki"},"bbox":[507372.925,6740202.117,550199.011,6774135.687]},{"type":"Feature","id":"kunta4500k_2026.151","geometry":{"type":"Polygon","coordinates":[[[334371.929,6726306.184],[344565.478,6708737.405],[342067.039,6698486.552],[345790.284,6695101.034],[345713.071,6687943.616],[351084.214,6687267.974],[342829.409,6680197.418],[338116.178,6680332.146],[334085.902,6675495.796],[336005.637,6671797.73],[330160.479,6669763.78],[328151.94,6678390.657],[324054.825,6677641.332],[312606.84,6674738.33],[312658.828,6677827.908],[311139.037,6685125.451],[319409.151,6692532.305],[319314.378,6696972.814],[323127.585,6698912.221],[323117.104,6705869.091],[320684.927,6706752.062],[320774.171,6710467.086],[328244.548,6712063.462],[327002.246,6717531.525],[331428.893,6722861.159],[330561.662,6727772.87],[334371.929,6726306.184]]]},"geometry_name":"geom","properties":{"id":151,"kunta":"444","vuosi":2026,"nimi":"Lohja","namn":"Lojo","name":"Lohja"},"bbox":[311139.037,6669763.78,351084.214,6727772.87]},{"type":"Feature","id":"kunta4500k_2026.152","geometry":{"type":"MultiPolygon","coordinates":[[[[197962.0602,6642778.8272],[196902.4873,6642468.946],[195403.0886,6642608.8819],[194643.3889,6643508.5167],[194493.4468,6643958.3353],[194643.3834,6644558.0953],[195682.9588,6645917.5549],[198391.8639,6647287.0192],[200800.8966,6647297.0278],[201560.6009,6645497.7543],[200361.0905,6643988.3541],[197962.0602,6642778.8272]]],[[[210706.8816,6654404.2255],[209807.2514,6652754.8832],[207848.0375,6652884.8208],[206788.4575,6653934.3938],[206078.7292,6656503.3585],[206478.5664,6656933.1879],[207668.0754,6659492.1665],[208417.7712,6660101.9256],[209327.4059,6660101.9303],[210836.8067,6658762.476],[210706.8816,6654404.2255]]],[[[222951.8468,6677145.156],[223861.4868,6676095.5822],[222961.8559,6674586.1838],[222062.2187,6674286.2996],[218143.7916,6674416.2273],[214835.1181,6674846.0378],[213925.4803,6675445.7923],[213255.7409,6677085.1305],[213765.5369,6676945.1893],[214815.1085,6678294.6528],[216764.3211,6679214.2934],[219023.4146,6679074.3612],[221122.5768,6678044.7854],[222951.8468,6677145.156]]],[[[237315.2064,6674634.757],[236415.5701,6674174.9371],[234306.4165,6674314.8702],[232946.9527,6676254.0843],[234286.4032,6678513.1837],[236985.3068,6680932.2258],[238644.6372,6681541.9893],[240603.8487,6681851.8748],[241353.5498,6681412.0552],[241963.3102,6680362.4799],[241663.4383,6678863.0807],[239274.4125,6675994.2209],[237315.2064,6674634.757]]],[[[226250.5097,6679564.2013],[222791.8988,6679544.1917],[221422.4423,6680803.6789],[221572.3748,6682243.1016],[222322.0676,6683442.6237],[223071.7642,6683902.4428],[226680.3057,6685721.7305],[228179.702,6686031.6137],[229389.2208,6685131.9811],[229249.2861,6683332.7031],[227599.9623,6680623.7826],[226250.5097,6679564.2013]]],[[[200220.9814,6675815.5735],[197212.1896,6675795.566],[195702.791,6676695.1971],[195242.9702,6677744.7733],[195392.9031,6679094.2323],[196582.4124,6681653.2109],[200330.8904,6684971.8976],[202739.9169,6686191.4202],[204549.1904,6686201.4254],[205308.8938,6684552.0915],[204869.0842,6681843.177],[203379.703,6677784.799],[201880.3128,6676275.3973],[200220.9814,6675815.5735]]],[[[210456.8687,6676325.4212],[208347.7157,6676315.4145],[207737.9537,6677654.8735],[208917.4462,6684272.2223],[209967.0156,6686081.5011],[211166.5309,6686681.2664],[214475.2029,6686551.3354],[217044.1735,6686121.521],[218243.6948,6685521.768],[219153.3341,6684632.1299],[219003.4004,6683422.6148],[217963.8232,6682373.031],[215104.9767,6681303.446],[213755.5233,6680393.8044],[211726.3527,6677534.942],[210606.807,6676625.3016],[210456.8687,6676325.4212]]],[[[186006.6043,6692248.903],[188565.5868,6690309.6945],[189265.3059,6690319.6941],[193533.5899,6690789.5271],[193983.41,6690649.5856],[194443.2315,6689450.0695],[194303.3007,6686891.0962],[193563.6061,6685241.7547],[192354.0948,6684631.9933],[189645.184,6684312.1079],[185726.7519,6685341.6745],[183167.7739,6686381.2441],[182857.8921,6687580.761],[183447.6377,6691039.3755],[184347.2705,6692238.8985],[186006.6043,6692248.903]]],[[[202430.036,6687240.9972],[199871.0636,6687220.9922],[199271.3013,6687820.7483],[198661.5446,6688120.6248],[198201.717,6690519.6592],[198181.7023,6695017.8531],[200280.851,6696687.1934],[201190.4881,6696237.3787],[204069.3572,6691299.3759],[204229.3013,6689650.039],[203929.4263,6688750.3987],[202430.036,6687240.9972]]],[[[191574.3735,6691379.2804],[191034.592,6691019.4221],[189015.4009,6691369.2714],[188405.6396,6692568.7867],[189755.0841,6695277.706],[192004.1712,6697236.9309],[193353.6294,6697246.9337],[193963.3876,6696647.1776],[193973.3973,6693948.2612],[192773.888,6692138.9815],[191574.3735,6691379.2804]]],[[[250637.9273,6697836.1355],[251470.2943,6696517.5194],[251020.4795,6695607.8825],[248621.4553,6693198.8382],[246672.2527,6690329.9807],[244583.1041,6687920.9379],[242623.8964,6686861.3536],[240834.6258,6684742.1957],[239185.2967,6683082.8539],[236626.3245,6683072.8449],[234817.0467,6683962.4784],[234357.2246,6685311.9341],[234497.1607,6686811.3325],[234637.0961,6688470.6668],[234187.2746,6688910.4879],[231168.481,6690099.9948],[229829.0056,6692748.9242],[230538.6969,6697447.0409],[232337.9704,6698206.7448],[236256.4018,6697187.174],[240474.7075,6697207.1872],[241674.2241,6697517.0687],[243933.3107,6698726.5942],[246332.3425,6699636.2409],[247902.4084,6699203.895],[248879.3794,6698682.8437],[249791.2191,6698422.3181],[250637.9273,6697836.1355]]],[[[189555.1135,6705333.6679],[188665.4798,6703524.3898],[186856.2054,6703664.3245],[185046.9288,6704254.0786],[184307.2164,6706103.3325],[185476.7358,6708312.4516],[186986.1275,6708772.2745],[188195.6465,6707872.6418],[189555.1135,6705333.6679]]],[[[192413.9604,6706403.2529],[191814.2013,6706393.2539],[191204.4438,6706843.0702],[189984.9168,6710141.7398],[189834.9695,6711641.1371],[190274.7884,6712540.7782],[191034.4804,6713150.5372],[192833.7558,6713610.3616],[193593.4538,6713010.6061],[194053.2857,6709711.9328],[193613.4713,6707902.6569],[192413.9604,6706403.2529]]],[[[182018.1182,6709491.9607],[180658.6648,6709332.0181],[179749.0224,6710831.4116],[179599.0803,6711281.2303],[179739.0166,6712780.6291],[180188.83,6713990.1458],[180938.5245,6714889.7884],[181988.1017,6715199.6693],[183047.6816,6714150.0959],[183057.6881,6712050.9386],[182018.1182,6709491.9607]]]]},"geometry_name":"geom","properties":{"id":152,"kunta":"445","vuosi":2026,"nimi":"Parainen","namn":"Pargas","name":"Pargas"},"bbox":[179599.0803,6642468.946,251470.2943,6715199.6693]},{"type":"Feature","id":"kunta4500k_2026.153","geometry":{"type":"MultiPolygon","coordinates":[[[[235110.453,6984519.06],[234172.221,6981191.422],[231118.654,6970711.502],[226684.449,6968348.045],[220633.07,6971179.744],[212960.376,6971155.43],[209812.632,6977271.893],[213576.758,6979833.739],[211067.8134775,6985212.99856749],[211834.9141,6984531.6975],[213634.1931,6984241.821],[215293.5253,6984701.643],[216193.1606,6985611.2815],[216493.0385,6986061.1021],[215873.2736,6989509.7155],[217672.5407,6992228.6313],[219471.8144,6993288.2131],[220071.5713,6993887.9747],[220061.5653,6996436.9515],[219601.7458,6997486.5285],[218981.9911,6998346.181],[218861.96168007,6999202.36678591],[224706.123,6995547.622],[235110.453,6984519.06]]],[[[206966.8247,6995467.2894],[206227.1293,6993508.0728],[204567.7946,6993658.0061],[203358.2759,6994697.5841],[202748.5165,6995747.1605],[202598.5749,6996196.9794],[202738.5076,6999045.8366],[203328.2656,7000405.2934],[204077.9624,7001005.0556],[205437.4173,7000865.1171],[206496.9956,6999965.4823],[206946.8186,6999075.8411],[206966.8247,6995467.2894]]],[[[188744.1348,6996116.957],[186944.8568,6996106.954],[186185.1563,6997456.4095],[186025.2169,6998356.0479],[186924.8477,7000465.2051],[188124.3628,7001374.8448],[189333.8787,7001074.9699],[190233.5212,7000185.3304],[190543.4039,6998376.0576],[189503.8281,6996576.7755],[188744.1348,6996116.957]]]]},"geometry_name":"geom","properties":{"id":153,"kunta":"475","vuosi":2026,"nimi":"Maalahti","namn":"Malax","name":"Malax"},"bbox":[186025.2169,6968348.045,235110.453,7001374.8448]},{"type":"Feature","id":"kunta4500k_2026.154","geometry":{"type":"Polygon","coordinates":[[[111167.312,6682871.143],[111073.10765867,6677607.84164477],[110213.5039,6677808.7827],[107238.293,6677042.6001],[106519.5818,6676964.6276],[105978.7972,6677254.5085],[105508.9584,6682502.4008],[105279.0504,6682542.3836],[104828.86441691,6682608.58498026],[104507.968,6688010.342],[110508.704,6689077.139],[111167.312,6682871.143]]]},"geometry_name":"geom","properties":{"id":154,"kunta":"478","vuosi":2026,"nimi":"Maarianhamina - Mariehamn","namn":"Mariehamn","name":"Mariehamn"},"bbox":[104507.968,6676964.6276,111167.312,6689077.139]},{"type":"Feature","id":"kunta4500k_2026.155","geometry":{"type":"Polygon","coordinates":[[[279891.021,6737345.31],[286367.884,6721621.783],[271984.469,6715508.801],[271142.545,6717066.775],[270007.356,6724879.305],[273291.59,6728645.782],[278463.501,6737971.342],[279891.021,6737345.31]]]},"geometry_name":"geom","properties":{"id":155,"kunta":"480","vuosi":2026,"nimi":"Marttila","namn":"S:t Mårtens  ","name":"Marttila"},"bbox":[270007.356,6715508.801,286367.884,6737971.342]},{"type":"Feature","id":"kunta4500k_2026.156","geometry":{"type":"Polygon","coordinates":[[[237803.37,6727309.803],[233641.175,6720243.662],[230299.548,6718842.165],[225892.17612331,6717547.26525621],[225526.2454,6718165.3217],[224271.1061,6719038.3385],[223061.5889,6719628.0957],[221992.019,6719508.1386],[221325.48158703,6719430.44071149],[220809.825,6720182.538],[214661.585,6719578.397],[215548.969,6723029.333],[214670.2384502,6724322.90982978],[215674.5331,6724096.2649],[217072.8297,6725951.3624],[217259.17813647,6727013.73764112],[222406.589,6729193.856],[225072.795,6728409.385],[228271.614,6724502.485],[236439.838,6729692.761],[237803.37,6727309.803]]]},"geometry_name":"geom","properties":{"id":156,"kunta":"481","vuosi":2026,"nimi":"Masku","namn":"Masku","name":"Masku"},"bbox":[214661.585,6717547.26525621,237803.37,6729692.761]},{"type":"Feature","id":"kunta4500k_2026.157","geometry":{"type":"Polygon","coordinates":[[[393726.336,7140926.876],[387111.716,7131206.026],[380835.556,7130247.002],[382543.364,7120022.976],[368791.01,7133254.305],[367731.058,7134639.838],[373123.411,7139922.489],[377985.088,7142433.632],[388316.346,7140809.257],[393726.336,7140926.876]]]},"geometry_name":"geom","properties":{"id":157,"kunta":"483","vuosi":2026,"nimi":"Merijärvi","namn":"Merijärvi","name":"Merijärvi"},"bbox":[367731.058,7120022.976,393726.336,7142433.632]},{"type":"Feature","id":"kunta4500k_2026.158","geometry":{"type":"Polygon","coordinates":[[[225346.628,6887071.612],[219842.221,6865149.052],[221808.002,6857384.242],[211629.0963328,6857054.16872067],[210715.8888,6859471.8906],[209206.4874,6861121.2218],[207237.2686,6863210.3745],[206777.4472,6864559.8307],[207677.0808,6865769.3492],[210845.8101,6865479.4796],[211445.5673,6865939.2976],[210985.7433,6867888.5131],[209316.4061,6869527.8477],[208406.7594,6872226.7603],[207627.0494,6877474.6504],[206117.6461,6879563.8052],[204308.3698,6880153.5606],[203568.6587,6881992.8191],[203428.7133,6882342.6781],[203075.98776532,6883478.80820084],[208432.048,6887784.308],[220077.099,6887919.971],[225346.628,6887071.612]]]},"geometry_name":"geom","properties":{"id":158,"kunta":"484","vuosi":2026,"nimi":"Merikarvia","namn":"Sastmola","name":"Merikarvia"},"bbox":[203075.98776532,6857054.16872067,225346.628,6887919.971]},{"type":"Feature","id":"kunta4500k_2026.159","geometry":{"type":"Polygon","coordinates":[[[538858.65,6740202.117],[539642.06,6736586.392],[543196.006,6737341.418],[546373.838,6736931.505],[547619.318,6732264.804],[549245.441,6729308.127],[554169.941,6726326.842],[548651.097,6720005.144],[546759.421,6720358.531],[544832.553,6724586.088],[541266.315,6721206.416],[538104.794,6720777.958],[532376.378,6725084.27],[529138.988,6724633.121],[529548.251,6720382.138],[526710.297,6720158.302],[524868.521,6722898.181],[523282.6,6745336.095],[527469.948,6740530.869],[532977.917,6741313.207],[538858.65,6740202.117]]]},"geometry_name":"geom","properties":{"id":159,"kunta":"489","vuosi":2026,"nimi":"Miehikkälä","namn":"Miehikkälä","name":"Miehikkälä"},"bbox":[523282.6,6720005.144,554169.941,6745336.095]},{"type":"Feature","id":"kunta4500k_2026.160","geometry":{"type":"Polygon","coordinates":[[[520552.042,6874895.344],[520597.747,6872217.053],[524684.224,6867326.26],[522579.014,6863890.232],[522802.566,6859173.242],[528540.621,6847863.152],[534405.459,6840748.452],[542838.406,6839615.065],[546460.769,6835848.308],[546398.533,6829607.932],[547859.379,6823891.352],[543147.216,6818717.426],[539481.222,6815160.853],[540525.026,6811494.846],[536242.969,6808208.648],[540059.564,6804182.511],[542379.233,6803375.649],[540382.265,6799672.642],[534599.948,6801263.658],[531709.761,6797554.231],[530951.313,6792241.092],[523073.983,6793120.781],[520334.347,6786709.482],[515544.611,6796239.964],[511641.685,6798136.868],[502734.857,6799655.554],[497532.996,6801506.625],[501030.648,6805670.159],[505701.061,6803869.311],[508807.475,6807537.844],[503384.315,6811119.147],[499470.225,6814532.668],[498066.771,6818863.905],[501032.721,6826056.219],[497442.151,6830848.061],[499060.835,6840837.128],[493865.734,6844951.219],[491168.661,6857515.602],[492978.885,6863187.214],[496963.839,6865520.29],[499088.696,6863305.51],[506637.48,6870143.566],[498575.037,6878547.675],[493436.446,6879166.913],[491195.965,6882594.132],[492319.43,6888548.702],[497092.365,6890054.511],[499329.345,6894444.186],[507048.686,6896374.06],[520552.042,6874895.344]]]},"geometry_name":"geom","properties":{"id":160,"kunta":"491","vuosi":2026,"nimi":"Mikkeli","namn":"S:t Michel","name":"Mikkeli"},"bbox":[491168.661,6786709.482,547859.379,6896374.06]},{"type":"Feature","id":"kunta4500k_2026.161","geometry":{"type":"Polygon","coordinates":[[[471272.134,7191252.664],[470216.607,7185639.942],[461823.564,7190800.14],[461226.595,7188410.596],[466277.657,7180696.208],[470786.788,7170620.528],[463630.482,7168451.555],[467246.674,7163505.034],[473944.152,7166435.128],[474198.204,7160091.45],[465921.867,7150589.585],[460177.576,7163264.791],[452184.405,7172837.887],[452067.264,7177393.754],[440834.202,7196667.966],[445082.473,7197035.875],[455212.025,7206321.527],[461042.318,7202643.953],[465608.498,7198169.996],[471272.134,7191252.664]]]},"geometry_name":"geom","properties":{"id":161,"kunta":"494","vuosi":2026,"nimi":"Muhos","namn":"Muhos","name":"Muhos"},"bbox":[440834.202,7150589.585,474198.204,7206321.527]},{"type":"Feature","id":"kunta4500k_2026.162","geometry":{"type":"Polygon","coordinates":[[[410065.516,6935294.782],[407127.784,6935037.751],[403170.836,6923157.032],[398074.782,6916640.714],[399970.949,6912665.932],[391277.737,6911128.563],[389767.938,6914972.405],[383004.765,6912698.609],[381693.279,6915890.013],[376963.377,6924244.066],[375469.069,6927104.392],[372926.096,6935477.746],[374738.674,6941856.302],[373255.538,6946491.101],[376149.768,6950563.473],[382380.012,6935477.19],[392185.816,6943010.068],[394930.61,6939592.02],[406701.07,6940362.62],[410065.516,6935294.782]]]},"geometry_name":"geom","properties":{"id":162,"kunta":"495","vuosi":2026,"nimi":"Multia","namn":"Multia","name":"Multia"},"bbox":[372926.096,6911128.563,410065.516,6950563.473]},{"type":"Feature","id":"kunta4500k_2026.163","geometry":{"type":"Polygon","coordinates":[[[379813.189,7561172.107],[379319.781,7556014.079],[383084.808,7555139.427],[382196.999,7549339.361],[383370.293,7544481.314],[380288.908,7536873.792],[384193.776,7503812.015],[375438.982,7505181.063],[352081.969,7486903.763],[350038.235,7485380.446],[347047.546,7487293.463],[345964.379,7489912.203],[349959.547,7495418.186],[349357.762,7498502.359],[352952.605,7500406.995],[353571.398,7504861.532],[351296.434,7509598.379],[351150.549,7518312.321],[351777.77,7529232.927],[354132.858,7534373.813],[356496.632,7534936.932],[360265.869,7540081.489],[358518.282,7543208.894],[356568.154,7543868.997],[354223.825,7548130.034],[349380.045,7552609.985],[345878.353,7564702.22],[347478.073,7566892.529],[364844.569,7567317.933],[367909.121,7563310.809],[373641.706,7562773.413],[373711.623,7558896.763],[379813.189,7561172.107]]]},"geometry_name":"geom","properties":{"id":163,"kunta":"498","vuosi":2026,"nimi":"Muonio","namn":"Muonio","name":"Muonio"},"bbox":[345878.353,7485380.446,384193.776,7567317.933]},{"type":"Feature","id":"kunta4500k_2026.164","geometry":{"type":"MultiPolygon","coordinates":[[[[230177.4037,7022616.4823],[233346.1334,7022186.6669],[237094.6201,7024455.7703],[239653.5888,7025525.3507],[242062.6211,7025685.2956],[243711.9572,7026145.1173],[247128.467,7024805.811],[250663.291,7010466.81],[242914.54,7001206.841],[235110.453,6984519.06],[224706.123,6995547.622],[229196.718,7003954.518],[235762.652,7000545.201],[238832.411,7002977.577],[238548.657,7008577.757],[235611.014,7009457.515],[232716.223,7009573.578],[230794.968,7013262.236],[224183.89140518,7016434.90680972],[225829.1578,7020347.3765],[225809.1503,7024395.7515],[226698.7841,7026804.7879],[227748.3588,7027864.3666],[228348.1181,7027864.3689],[229007.8589,7026384.9652],[229117.8211,7024715.6357],[230177.4037,7022616.4823]]],[[[238284.126,7028814.0253],[237544.4304,7026864.805],[236784.7354,7026854.8061],[236035.034,7027454.5625],[234525.6349,7028794.0191],[233626.0005,7027594.4972],[233026.2493,7025485.3416],[231976.6712,7025335.3978],[231216.9733,7026075.098],[231506.8444,7029383.7709],[233156.1721,7032092.6898],[233755.9302,7032392.5717],[235105.3891,7032252.6329],[237224.5451,7030463.3592],[238284.126,7028814.0253]]],[[[212384.5119,7031382.8961],[212234.5795,7029423.6819],[211344.9411,7028224.1599],[210295.3669,7027014.6413],[210445.3096,7026264.9428],[211354.9479,7025365.3073],[213913.922,7025085.4294],[214963.5002,7025235.3732],[216612.8291,7027644.4126],[217512.4668,7027954.2916],[219021.8638,7027214.5943],[219931.5027,7026165.019],[221001.0843,7023316.1665],[221011.0912,7020467.31],[220561.2769,7019117.8499],[220111.4586,7018807.9725],[218152.2444,7018947.9089],[216043.0887,7019537.6641],[214993.5134,7018628.0251],[213654.0614,7015919.1072],[211085.0896,7016658.8005],[209125.8684,7018598.0147],[207916.3521,7019047.8295],[207166.653,7019037.8307],[206107.0753,7019787.5257],[204437.7292,7023975.8385],[203208.1992,7030123.3668],[203348.139,7031182.9421],[204097.8336,7032382.4636],[204847.5328,7032392.4624],[206966.6897,7030443.2527],[208915.9,7032412.4698],[209965.4748,7033462.0525],[211015.0547,7033172.1729],[212384.5119,7031382.8961]]],[[[218841.9094,7034261.7651],[217792.334,7033362.1222],[214633.6013,7033492.0581],[212944.2674,7036630.7921],[214003.8376,7037840.3106],[216862.6851,7039209.7718],[218971.838,7039369.7155],[219571.6007,7038470.0788],[220031.4229,7036670.8027],[218841.9094,7034261.7651]]],[[[210105.4096,7035871.0863],[208446.0766,7035561.2044],[207546.4355,7036150.9643],[207386.4963,7037050.6027],[207686.373,7037810.2989],[211274.9159,7042328.4991],[212634.3709,7042188.5604],[212944.2544,7040089.404],[211454.8629,7037230.5458],[210105.4096,7035871.0863]]]]},"geometry_name":"geom","properties":{"id":164,"kunta":"499","vuosi":2026,"nimi":"Mustasaari","namn":"Korsholm","name":"Korsholm"},"bbox":[203208.1992,6984519.06,250663.291,7042328.4991]},{"type":"Feature","id":"kunta4500k_2026.165","geometry":{"type":"Polygon","coordinates":[[[437094.213,6885285.371],[435607.855,6881871.84],[420601.026,6884704.181],[424031.16,6892855.821],[420839.974,6895655.202],[421725.2,6901048.376],[425743.026,6902051.391],[427144.745,6895709.884],[435547.503,6894835.547],[437152.516,6891742.341],[433048.041,6891512.832],[432445.617,6888018.774],[437094.213,6885285.371]]]},"geometry_name":"geom","properties":{"id":165,"kunta":"500","vuosi":2026,"nimi":"Muurame","namn":"Muurame","name":"Muurame"},"bbox":[420601.026,6881871.84,437152.516,6902051.391]},{"type":"Feature","id":"kunta4500k_2026.166","geometry":{"type":"Polygon","coordinates":[[[237353.515,6758229.25],[240181.567,6750860.31],[250110.717,6742255.941],[241639.942,6741580.312],[232273.868,6737930.348],[222406.589,6729193.856],[217259.17813647,6727013.73764112],[217552.7562,6728687.4306],[217603.7348,6728894.3478],[217593.7284,6731003.5008],[216694.086,6731753.1954],[215914.399,6731753.1915],[214631.53915626,6731191.67664677],[216583.581,6744890.601],[235893.98,6761936.978],[237353.515,6758229.25]]]},"geometry_name":"geom","properties":{"id":166,"kunta":"503","vuosi":2026,"nimi":"Mynämäki","namn":"Virmo","name":"Mynämäki"},"bbox":[214631.53915626,6727013.73764112,250110.717,6761936.978]},{"type":"Feature","id":"kunta4500k_2026.167","geometry":{"type":"Polygon","coordinates":[[[441787.77,6730507.194],[441785.773,6727171.565],[440102.249,6722862.755],[440102.224,6722862.689],[440101.127,6722859.882],[440101.12,6722859.864],[445343.495,6723529.062],[445321.21,6723479.581],[445311.902,6723458.914],[445311.835,6723458.764],[441795.1,6715650.319],[435459.201,6713354.279],[435459.175,6713354.317],[435455.927,6713359.107],[435455.872,6713359.188],[432565.266,6717622.634],[426631.036,6720528.076],[430805.764,6725297.73],[431598.603,6730923.09],[440828.325,6733856.786],[440828.446,6733856.824],[441787.282,6730508.902],[441787.769,6730507.2],[441787.77,6730507.194]]]},"geometry_name":"geom","properties":{"id":167,"kunta":"504","vuosi":2026,"nimi":"Myrskylä","namn":"Mörskom","name":"Myrskylä"},"bbox":[426631.036,6713354.279,445343.495,6733856.824]},{"type":"Feature","id":"kunta4500k_2026.168","geometry":{"type":"Polygon","coordinates":[[[414724.928,6741021.646],[418325.502,6737278.782],[419174.539,6730717.412],[416518.015,6729486.674],[413935.768,6726304.675],[414798.22,6723335.099],[418695.893,6716908.78],[417853.345,6714376.312],[413073.963,6712770.878],[411887.797,6713876.226],[403518.489,6712618.26],[401427.364,6711210.401],[402460.677,6708594.602],[399460.778,6709189.412],[397271.579,6711735.709],[392888.155,6717249.589],[396836.372,6726576.903],[398844.389,6732634.254],[394084.197,6733721.417],[399519.499,6739515.226],[397258.069,6744059.536],[402662.436,6746389.445],[407242.505,6736361.608],[411827.672,6736406.795],[414724.928,6741021.646]]]},"geometry_name":"geom","properties":{"id":168,"kunta":"505","vuosi":2026,"nimi":"Mäntsälä","namn":"Mäntsälä","name":"Mäntsälä"},"bbox":[392888.155,6708594.602,419174.539,6746389.445]},{"type":"Feature","id":"kunta4500k_2026.169","geometry":{"type":"Polygon","coordinates":[[[474311.498,6832730.575],[479004.744,6826593.347],[481547.89,6828365.992],[485538.118,6825793.039],[488530.409,6826950.072],[491272.186,6821039.772],[498066.771,6818863.905],[499470.225,6814532.668],[503384.315,6811119.147],[508807.475,6807537.844],[505701.061,6803869.311],[501030.648,6805670.159],[497532.996,6801506.625],[502734.857,6799655.554],[511641.685,6798136.868],[515544.611,6796239.964],[520334.347,6786709.482],[519122.677,6782169.927],[511075.037,6780901.795],[501677.656,6779725.218],[495275.032,6783192.165],[495744.612,6787935.336],[492083.258,6794395.281],[481801.4,6785877.967],[482347.689,6789964.483],[480372.85,6794826.709],[473923.367,6793440.746],[472325.886,6798856.739],[467854.81,6798804.117],[463557.53,6804291.851],[460772.728,6810440.832],[461606.118,6822833.076],[463664.516,6830753.345],[467013.913,6836218.059],[474311.498,6832730.575]]]},"geometry_name":"geom","properties":{"id":169,"kunta":"507","vuosi":2026,"nimi":"Mäntyharju","namn":"Mäntyharju","name":"Mäntyharju"},"bbox":[460772.728,6779725.218,520334.347,6836218.059]},{"type":"Feature","id":"kunta4500k_2026.170","geometry":{"type":"Polygon","coordinates":[[[381259.133,6878840.604],[375397.616,6875632.581],[369984.957,6866558.109],[365474.477,6866870.594],[357710.709,6878543.261],[359407.251,6882141.024],[358179.304,6885800.183],[350673.888,6886533.412],[345382.816,6891191.697],[355176.866,6905410.076],[361261.513,6895753.215],[365958.247,6893853.113],[369833.795,6898652.126],[373009.646,6897253.956],[381259.133,6878840.604]]]},"geometry_name":"geom","properties":{"id":170,"kunta":"508","vuosi":2026,"nimi":"Mänttä-Vilppula","namn":"Mänttä-Vilppula","name":"Mänttä-Vilppula"},"bbox":[345382.816,6866558.109,381259.133,6905410.076]},{"type":"Feature","id":"kunta4500k_2026.171","geometry":{"type":"MultiPolygon","coordinates":[[[[212166.0626,6699905.961],[209307.2121,6699586.075],[207337.9946,6701225.4069],[206278.411,6703024.6791],[206418.3465,6704674.0175],[206568.2803,6705873.5366],[210486.7098,6705293.7891],[211846.1684,6704404.1531],[212905.7527,6702454.9412],[212755.8197,6701105.4823],[212166.0626,6699905.961]]],[[[203089.6642,6708412.4998],[200840.5681,6708242.5567],[200480.6953,6711691.1703],[202020.0689,6713360.5078],[204718.977,6715019.855],[205468.6752,6715179.7945],[206238.3796,6712480.882],[204738.9952,6709771.9622],[203089.6642,6708412.4998]]],[[[222571.9079,6695157.9201],[221212.4554,6694848.0377],[219713.0553,6695287.8535],[218953.352,6696937.1873],[218793.4102,6698136.7048],[219982.9189,6700845.623],[220132.8534,6701895.2022],[219073.2729,6703094.7152],[216354.3535,6705333.8024],[214325.1433,6710341.7813],[214075.2402,6711021.5071],[214215.1713,6713570.4843],[214804.9262,6715229.8209],[216154.3798,6716139.4624],[217513.8347,6715999.5253],[218573.4144,6714949.952],[219632.9994,6712850.8003],[220092.8186,6712071.1156],[220242.7597,6711811.2208],[220612.6118,6711691.2708],[220992.4639,6710761.646],[225240.787,6704924.0115],[225700.6181,6701775.2783],[224521.1152,6697117.1431],[223771.4216,6696067.5609],[222571.9079,6695157.9201]]],[[[229371.114,6714045.966],[230992.164,6711298.417],[230771.46075462,6710377.25007414],[230398.6853,6710991.6005],[229429.0726,6711411.4271],[228519.4417,6710651.7276],[227779.7441,6709592.1495],[227020.0506,6709292.2661],[225670.5919,6709432.2032],[224311.1318,6710631.7147],[223401.4934,6711371.4131],[222791.7323,6712570.9284],[223391.4832,6714230.265],[224900.8793,6713780.4531],[226400.2771,6713790.4566],[227000.0325,6714550.1545],[226690.1488,6716199.4906],[225892.17612331,6717547.26525621],[230299.548,6718842.165],[229371.114,6714045.966]]],[[[215548.969,6723029.333],[214661.585,6719578.397],[220809.825,6720182.538],[221325.48158703,6719430.44071149],[220362.6742,6719318.2068],[216754.1293,6718088.6826],[215914.465,6718398.554],[215544.6128,6718538.496],[213735.3393,6718528.491],[212086.0061,6717618.8481],[210886.4908,6717009.087],[209676.975,6717298.9646],[209816.9105,6718958.299],[210716.5351,6721817.1555],[211906.0494,6723466.4992],[213105.5617,6724676.0194],[214670.2384502,6724322.90982978],[215548.969,6723029.333]]]]},"geometry_name":"geom","properties":{"id":171,"kunta":"529","vuosi":2026,"nimi":"Naantali","namn":"Nådendal","name":"Naantali"},"bbox":[200480.6953,6694848.0377,230992.164,6724676.0194]},{"type":"Feature","id":"kunta4500k_2026.172","geometry":{"type":"Polygon","coordinates":[[[242061.019,6817512.722],[236183.252,6811797.216],[233394.317,6805753.473],[225662.856,6806606.062],[220925.877,6811580.418],[217790.058,6817656.44],[222569.956,6816742.727],[234844.966,6819765.636],[242061.019,6817512.722]]]},"geometry_name":"geom","properties":{"id":172,"kunta":"531","vuosi":2026,"nimi":"Nakkila","namn":"Nakkila","name":"Nakkila"},"bbox":[217790.058,6805753.473,242061.019,6819765.636]},{"type":"Feature","id":"kunta4500k_2026.173","geometry":{"type":"Polygon","coordinates":[[[419904.813,7090244.14],[415019.832,7090620.611],[406670.657,7072973.773],[402630.848,7079703.481],[399885.271,7076388.236],[397529.352,7082069.143],[384323.357,7093223.3],[389714.913,7098261.329],[397874.997,7096815.305],[403461.736,7106084.121],[409480.343,7101244.43],[419904.813,7090244.14]]]},"geometry_name":"geom","properties":{"id":173,"kunta":"535","vuosi":2026,"nimi":"Nivala","namn":"Nivala","name":"Nivala"},"bbox":[384323.357,7072973.773,419904.813,7106084.121]},{"type":"Feature","id":"kunta4500k_2026.176","geometry":{"type":"Polygon","coordinates":[[[637169.834,7066938.585],[632676.191,7063354.154],[629078.075,7061770.932],[626047.929,7056606.744],[623984.106,7049030.143],[627904.302,7039900.34],[626129.839,7029195.019],[623462.217,7026722.969],[616616.715,7027941.906],[608878.941,7036930.996],[605056.385,7037424.897],[594549.881,7032666.707],[590998.206,7027816.463],[587931.855,7030006.2],[583161.766,7033823.162],[581762.132,7039713.863],[579744.138,7045357.909],[582880.682,7049200.219],[579773.495,7050707.633],[578864.851,7061204.653],[576662.759,7064585.051],[572235.875,7064255.755],[567078.911,7070399.907],[573709.114,7084778.258],[592736.498,7080090.685],[603849.594,7081611.248],[606127.874,7081796.115],[631746.055,7086294.3],[634339.733,7071800.544],[637169.834,7066938.585]]]},"geometry_name":"geom","properties":{"id":176,"kunta":"541","vuosi":2026,"nimi":"Nurmes","namn":"Nurmes","name":"Nurmes"},"bbox":[567078.911,7026722.969,637169.834,7086294.3]},{"type":"Feature","id":"kunta4500k_2026.177","geometry":{"type":"Polygon","coordinates":[[[385516.648,6715109.21],[388809.063,6711136.016],[382590.573,6697998.256],[375773.698,6691596.517],[369134.568,6693775.377],[363954.349,6707069.304],[370926.378,6711258.416],[374069.231,6711386.241],[376652.726,6719107.204],[381270.606,6714198.055],[385516.648,6715109.21]]]},"geometry_name":"geom","properties":{"id":177,"kunta":"543","vuosi":2026,"nimi":"Nurmijärvi","namn":"Nurmijärvi","name":"Nurmijärvi"},"bbox":[363954.349,6691596.517,388809.063,6719107.204]},{"type":"Feature","id":"kunta4500k_2026.178","geometry":{"type":"MultiPolygon","coordinates":[[[[196791.103,6947076.6689],[194831.8893,6947066.6648],[194072.1905,6947956.3047],[193772.3066,6949005.8822],[194062.1797,6951564.8565],[194961.8144,6952614.439],[195861.4546,6952324.559],[196771.0932,6951424.9237],[197380.8577,6949175.8289],[196791.103,6947076.6689]]],[[[220633.07,6971179.744],[226684.449,6968348.045],[231118.654,6970711.502],[233606.195,6962292.145],[226534.377,6956810.068],[222606.645,6953265.494],[222504.412,6944931.612],[218977.094,6933299.884],[206028.65782799,6922603.42611114],[207017.093,6924445.7942],[207007.096,6924675.7018],[207726.7991,6926604.9305],[207167.0195,6927614.523],[205657.6248,6927744.4645],[204440.8727658,6927681.70641309],[207735.564,6930816.098],[203492.34,6934857.709],[198508.23513271,6929873.60413271],[198000.6844,6930953.1447],[198420.5018,6934361.7784],[199390.0984,6937780.4104],[199530.0336,6939879.5686],[198620.3943,6940929.1436],[197860.6936,6942278.5989],[198160.5664,6943927.9382],[198140.5572,6948126.2532],[201279.2771,6953104.2682],[202028.9695,6954753.6094],[202168.9078,6956113.0643],[200959.3883,6957302.582],[199609.9299,6957292.5805],[198110.5372,6955933.12],[197200.9023,6955933.1163],[196451.2007,6956532.8725],[196141.322,6957272.5744],[197150.896,6962400.5206],[197470.7634,6963440.1047],[197877.18260979,6964598.96371926],[201572.233,6964639.084],[208119.84,6961636.346],[212960.376,6971155.43],[220633.07,6971179.744]]]]},"geometry_name":"geom","properties":{"id":178,"kunta":"545","vuosi":2026,"nimi":"Närpiö","namn":"Närpes","name":"Närpes"},"bbox":[193772.3066,6922603.42611114,233606.195,6971179.744]},{"type":"Feature","id":"kunta4500k_2026.179","geometry":{"type":"Polygon","coordinates":[[[453348.47,6752760.689],[449867.017,6744814.535],[456571.912,6740982.234],[456858.887,6736094.826],[456859.041,6736092.211],[457124.509,6731441.88],[457124.658,6731439.279],[451349.21,6728185.135],[446949.958,6731617.598],[441787.77,6730507.194],[441787.769,6730507.2],[441787.282,6730508.902],[440828.446,6733856.824],[440828.325,6733856.786],[431598.603,6730923.09],[431598.461,6730923.015],[424096.839,6726998.038],[419174.539,6730717.412],[418325.502,6737278.782],[414724.928,6741021.646],[413193.162,6747622.577],[419007.348,6751029.63],[424231.286,6749173.826],[427180.355,6753111.791],[431080.766,6756166.942],[433665.497,6751270.299],[441307.732,6750645.811],[444073.94,6755263.246],[448499.589,6751281.769],[453348.47,6752760.689]]]},"geometry_name":"geom","properties":{"id":179,"kunta":"560","vuosi":2026,"nimi":"Orimattila","namn":"Orimattila","name":"Orimattila"},"bbox":[413193.162,6726998.038,457124.658,6756166.942]},{"type":"Feature","id":"kunta4500k_2026.180","geometry":{"type":"Polygon","coordinates":[[[269332.746,6749678.537],[261931.183,6752483.069],[258623.453,6756894.97],[261728.108,6762641.748],[265716.862,6761265.845],[270251.786,6763214.648],[271071.427,6752430.423],[269332.746,6749678.537]]]},"geometry_name":"geom","properties":{"id":180,"kunta":"561","vuosi":2026,"nimi":"Oripää","namn":"Oripää","name":"Oripää"},"bbox":[258623.453,6749678.537,271071.427,6763214.648]},{"type":"Feature","id":"kunta4500k_2026.181","geometry":{"type":"Polygon","coordinates":[[[384140.798,6838254.77],[384608.217,6826356.654],[380221.158,6827896.028],[379648.671,6823439.442],[373679.489,6822313.436],[359126.456,6827513.75],[357714.081,6830878.4],[353699.596,6829178.152],[347270.109,6836030.211],[346626.256,6854536.218],[353977.939,6857778.959],[363548.488,6847647.663],[370787.517,6844919.426],[377255.891,6861121.622],[385011.119,6850500.343],[379852.07,6848322.915],[380243.861,6842149.361],[384140.798,6838254.77]]]},"geometry_name":"geom","properties":{"id":181,"kunta":"562","vuosi":2026,"nimi":"Orivesi","namn":"Orivesi","name":"Orivesi"},"bbox":[346626.256,6822313.436,385011.119,6861121.622]},{"type":"Feature","id":"kunta4500k_2026.182","geometry":{"type":"Polygon","coordinates":[[[412986.623,7134009.983],[412800.27,7130590.981],[410560.796,7124034.406],[400352.008,7113773.541],[398010.991,7110887.267],[382543.364,7120022.976],[380835.556,7130247.002],[387111.716,7131206.026],[393726.336,7140926.876],[397674.958,7142382.101],[402326.205,7137080.61],[412986.623,7134009.983]]]},"geometry_name":"geom","properties":{"id":182,"kunta":"563","vuosi":2026,"nimi":"Oulainen","namn":"Oulainen","name":"Oulainen"},"bbox":[380835.556,7110887.267,412986.623,7142382.101]},{"type":"Feature","id":"kunta4500k_2026.183","geometry":{"type":"MultiPolygon","coordinates":[[[[418101.2381,7220617.5829],[417351.5418,7219857.886],[415092.4496,7219997.823],[413423.1166,7221337.2794],[413273.1746,7222086.9776],[413273.1737,7222386.8571],[414022.8687,7223596.3731],[415372.3262,7223606.3731],[417341.5381,7222416.8572],[418101.2381,7220617.5829]]],[[[464234.849,7239236.425],[468009.568,7231051.786],[482550.406,7219321.807],[481673.172,7214525.888],[489060.395,7203209.791],[483975.656,7196420.516],[479200.446,7198155.58],[476284.444,7192886.745],[471272.134,7191252.664],[465608.498,7198169.996],[461042.318,7202643.953],[455212.025,7206321.527],[445082.473,7197035.875],[440834.202,7196667.966],[439819.994,7198411.25],[434499.733,7202605.988],[428847.322,7202947.939],[425549.598,7200640.147],[426386.798,7197366.2],[423296.49952198,7196830.31389591],[422809.4124,7198646.4305],[418441.1589,7201795.1511],[415902.1706,7204723.9658],[414992.5262,7207992.6489],[415582.2827,7210091.8068],[416631.8589,7210701.5649],[417753.7319,7210541.2884],[419114.2498,7209551.8209],[421093.1848,7208314.9864],[424214.2592,7205825.305],[427197.6266,7205653.6267],[428097.2648,7205653.6295],[428846.962,7206113.4469],[428996.8971,7207612.8445],[425368.3451,7211201.3906],[425058.4678,7211801.1485],[423978.8845,7217498.8545],[423748.9734,7218688.3755],[423609.0274,7219428.0777],[422459.4823,7221837.1057],[420940.0877,7223636.3778],[418830.933,7224526.0138],[417621.4166,7225415.6525],[416861.7166,7227214.9269],[417161.5916,7228714.325],[418361.1053,7230073.7821],[419700.561,7232032.9984],[419850.4949,7233982.2152],[419540.6163,7235031.7923],[419694.29225905,7237632.11939149],[421537.328,7238769.747],[432388.139,7237418.018],[437389.747,7235913.698],[441023.528,7239065.933],[435439.67,7248167.879],[437101.716,7251320.914],[444079.256,7270323.677],[461012.297,7270595.634],[460700.885,7255425.283],[473314.69,7247271.047],[464234.849,7239236.425]]]]},"geometry_name":"geom","properties":{"id":183,"kunta":"564","vuosi":2026,"nimi":"Oulu","namn":"Uleåborg","name":"Oulu"},"bbox":[413273.1737,7191252.664,489060.395,7270595.634]},{"type":"Feature","id":"kunta4500k_2026.184","geometry":{"type":"Polygon","coordinates":[[[422133.777,6800320.791],[420573.818,6797562.888],[415159.045,6798601.617],[411351.2,6791654.82],[403543.819,6790950.967],[394254.442,6791800.016],[392300.783,6795110.942],[390255.708,6797156.017],[388341.3,6800758.633],[386004.133,6817676.617],[391802.732,6814673.992],[416789.253,6818020.26],[419495.344,6812537.654],[418372.933,6808815.704],[422133.777,6800320.791]]]},"geometry_name":"geom","properties":{"id":184,"kunta":"576","vuosi":2026,"nimi":"Padasjoki","namn":"Padasjoki","name":"Padasjoki"},"bbox":[386004.133,6790950.967,422133.777,6818020.26]},{"type":"Feature","id":"kunta4500k_2026.185","geometry":{"type":"Polygon","coordinates":[[[271142.545,6717066.775],[271984.469,6715508.801],[273166.818,6708107.437],[269524.021,6700258.507],[257945.707,6702009.431],[257212.873,6714707.055],[264191.414,6719898.342],[271142.545,6717066.775]]]},"geometry_name":"geom","properties":{"id":185,"kunta":"577","vuosi":2026,"nimi":"Paimio","namn":"Pemar","name":"Paimio"},"bbox":[257212.873,6700258.507,273166.818,6719898.342]},{"type":"Feature","id":"kunta4500k_2026.186","geometry":{"type":"Polygon","coordinates":[[[570594.488,7139642.95],[554778.497,7132843.339],[538276.348,7137945.896],[520667.276,7129721.824],[509082.061,7131608.553],[512112.812,7141506.091],[508904.711,7147829.831],[519019.269,7160802.864],[525683.52,7153129.324],[536251.525,7156219.359],[541695.419,7161633.333],[549195.974,7158972.423],[551889.277,7149806.046],[570594.488,7139642.95]]]},"geometry_name":"geom","properties":{"id":186,"kunta":"578","vuosi":2026,"nimi":"Paltamo","namn":"Paltamo","name":"Paltamo"},"bbox":[508904.711,7129721.824,570594.488,7161633.333]},{"type":"Feature","id":"kunta4500k_2026.187","geometry":{"type":"Polygon","coordinates":[[[630413.055,6812512.125],[625892.02,6819723.983],[618959.17,6822774.405],[620151.114,6827002.29],[622595.771,6832773.599],[627331.158,6837973.341],[634302.975,6841586.113],[635242.406,6845880.073],[662181.473,6861675.648],[665422.818,6861723.23],[661777.2,6857830.9],[660308.3,6851791.4],[649267.5,6838999.4],[648917.4,6836796.6],[646123.081,6833057.221],[645503.5,6829981.5],[640562.4,6824239.4],[637958.1,6820730.4],[632895.9,6820123.9],[633391.6,6816728.6],[630413.055,6812512.125]]]},"geometry_name":"geom","properties":{"id":187,"kunta":"580","vuosi":2026,"nimi":"Parikkala","namn":"Parikkala","name":"Parikkala"},"bbox":[618959.17,6812512.125,665422.818,6861723.23]},{"type":"Feature","id":"kunta4500k_2026.188","geometry":{"type":"Polygon","coordinates":[[[306556.562,6888949.323],[310145.228,6887445.005],[306526.779,6874055.906],[306184.906,6868744.272],[297717.874,6868660.474],[296291.292,6873549.238],[288135.292,6871074.12],[287866.532,6877633.844],[280543.178,6876588.11],[276267.698,6871570.627],[271747.796,6876503.156],[265604.691,6882061.381],[279532.37,6888121.838],[279725.49,6898572.869],[284575.913,6900287.774],[283701.696,6911326.951],[292281.129,6912796.944],[298515.309,6889387.86],[306556.562,6888949.323]]]},"geometry_name":"geom","properties":{"id":188,"kunta":"581","vuosi":2026,"nimi":"Parkano","namn":"Parkano","name":"Parkano"},"bbox":[265604.691,6868660.474,310145.228,6912796.944]},{"type":"Feature","id":"kunta4500k_2026.189","geometry":{"type":"Polygon","coordinates":[[[559024.553,7444077.628],[547210.414,7436158.377],[541652.828,7434993.63],[538619.006,7418935.014],[529899.708,7429190.254],[525481.596,7432297.638],[506457.122,7432927.822],[478933.385,7425099.02],[489595.754,7437233.431],[500847.901,7450007.506],[503718.163,7469030.609],[510853.322,7471890.308],[509506.022,7478809.643],[533148.707,7465518.432],[537908.944,7451205.434],[545054.425,7450928.096],[559024.553,7444077.628]]]},"geometry_name":"geom","properties":{"id":189,"kunta":"583","vuosi":2026,"nimi":"Pelkosenniemi","namn":"Pelkosenniemi","name":"Pelkosenniemi"},"bbox":[478933.385,7418935.014,559024.553,7478809.643]},{"type":"Feature","id":"kunta4500k_2026.190","geometry":{"type":"Polygon","coordinates":[[[388595.831,7027489.373],[389814.314,7018219.869],[387296.023,7017190.734],[387722.5,7002395.289],[375623.274,7005527.284],[366787.924,7001300.583],[357452.604,7005219.8],[360769.996,7007607.465],[352036.619,7017751.916],[358048.851,7025710.982],[368311.879,7025840.863],[370293.451,7029678.875],[374329.738,7029859.59],[378728.175,7031589.024],[388595.831,7027489.373]]]},"geometry_name":"geom","properties":{"id":190,"kunta":"584","vuosi":2026,"nimi":"Perho","namn":"Perho","name":"Perho"},"bbox":[352036.619,7001300.583,389814.314,7031589.024]},{"type":"Feature","id":"kunta4500k_2026.191","geometry":{"type":"Polygon","coordinates":[[[411349.66,6918711.998],[412002.456,6914974.469],[417564.214,6913120.55],[420715.877,6911266.63],[410640.455,6892336.108],[401979.077,6893850.477],[394359.983,6899320.787],[399808.415,6902188.866],[399970.949,6912665.932],[398074.782,6916640.714],[403170.836,6923157.032],[411349.66,6918711.998]]]},"geometry_name":"geom","properties":{"id":191,"kunta":"592","vuosi":2026,"nimi":"Petäjävesi","namn":"Petäjävesi","name":"Petäjävesi"},"bbox":[394359.983,6892336.108,420715.877,6923157.032]},{"type":"Feature","id":"kunta4500k_2026.192","geometry":{"type":"Polygon","coordinates":[[[535793.999,6916121.358],[532788.792,6905863.228],[527598.786,6904163.73],[528552.112,6897681.116],[529510.269,6890756.743],[532883.421,6891073.612],[534175.036,6877445.242],[524294.171,6878150.65],[520552.042,6874895.344],[507048.686,6896374.06],[499329.345,6894444.186],[497092.365,6890054.511],[492319.43,6888548.702],[484285.139,6897883.586],[485384.356,6902846.349],[483572.48,6908502.157],[482860.032,6912308.661],[488410.363,6913649.456],[483489.126,6919208.534],[484991.471,6924674.438],[489155.391,6924197.201],[493788.071,6928274.445],[497379.525,6927257.344],[502734.776,6927639.862],[505986.178,6928213.639],[509811.356,6925536.014],[511594.191,6927678.736],[517652.973,6930317.487],[521042.272,6930382.162],[535793.999,6916121.358]]]},"geometry_name":"geom","properties":{"id":192,"kunta":"593","vuosi":2026,"nimi":"Pieksämäki","namn":"Pieksämäki","name":"Pieksämäki"},"bbox":[482860.032,6874895.344,535793.999,6930382.162]},{"type":"Feature","id":"kunta4500k_2026.193","geometry":{"type":"Polygon","coordinates":[[[506862.461,7021387.212],[506214.962,7014024.35],[502288.336,7012305.243],[502473.728,7007114.268],[501070.521,7001496.586],[497811.369,6998703.022],[493759.185,6994512.752],[480114.214,6990337.464],[474439.419,6998182.904],[470846.145,7014733.361],[458926.46,7034751.371],[458467.072,7036592.579],[458422.283,7039438.245],[468195.982,7038983.207],[473181.799,7035108.453],[478187.382,7035850.021],[484711.28,7035042.017],[488574.886,7037053.006],[491270.491,7043139.937],[500990.592,7022316.408],[506862.461,7021387.212]]]},"geometry_name":"geom","properties":{"id":193,"kunta":"595","vuosi":2026,"nimi":"Pielavesi","namn":"Pielavesi","name":"Pielavesi"},"bbox":[458422.283,6990337.464,506862.461,7043139.937]},{"type":"Feature","id":"kunta4500k_2026.194","geometry":{"type":"Polygon","coordinates":[[[291766.748,7069903.87],[288947.896,7066882.206],[278927.879,7061355.564],[276704.46932342,7062923.57084161],[277268.3446,7063710.1592],[277268.3429,7064189.9665],[277268.3413,7064609.7979],[278018.037,7065519.4354],[279967.2471,7067478.6557],[282676.1571,7068098.4166],[283125.9748,7068548.2376],[283169.9553,7069067.0294],[283265.9127,7070197.5758],[283715.7271,7071557.0315],[284874.9002,7072626.5056],[285640.40045434,7073216.66950029],[291766.748,7069903.87]]]},"geometry_name":"geom","properties":{"id":194,"kunta":"598","vuosi":2026,"nimi":"Pietarsaari","namn":"Jakobstad","name":"Jakobstad"},"bbox":[276704.46932342,7061355.564,291766.748,7073216.66950029]},{"type":"Feature","id":"kunta4500k_2026.195","geometry":{"type":"Polygon","coordinates":[[[320481.677,7046141.494],[313922.262,7043392.788],[310586.421,7035650.362],[305165.832,7031400.34],[298653.251,7033398.214],[294080.171,7035861.479],[292515.634,7045126.894],[293191.168,7048692.938],[278927.879,7061355.564],[288947.896,7066882.206],[291766.748,7069903.87],[294208.135,7074306.894],[299072.406,7067269.228],[309990.452,7062384.659],[320481.677,7046141.494]]]},"geometry_name":"geom","properties":{"id":195,"kunta":"599","vuosi":2026,"nimi":"Pedersören kunta","namn":"Pedersöre","name":"Pedersöre"},"bbox":[278927.879,7031400.34,320481.677,7074306.894]},{"type":"Feature","id":"kunta4500k_2026.196","geometry":{"type":"Polygon","coordinates":[[[417999.767,7051437.468],[424539.134,7045824.724],[439004.42,7042516.974],[444765.3,7035052.776],[449823.929,7033795.763],[458467.072,7036592.579],[458926.46,7034751.371],[453493.984,7025455.896],[456372.244,7022676.481],[456944.478,7016484.555],[451030.645,7018254.742],[443270.066,7016668.71],[434653.536,7017587.748],[432061.845,7013673.334],[416414.994,7018353.036],[404408.486,7039073.207],[407657.217,7050922.609],[412982.72,7054781.153],[417999.767,7051437.468]]]},"geometry_name":"geom","properties":{"id":196,"kunta":"601","vuosi":2026,"nimi":"Pihtipudas","namn":"Pihtipudas","name":"Pihtipudas"},"bbox":[404408.486,7013673.334,458926.46,7054781.153]},{"type":"Feature","id":"kunta4500k_2026.197","geometry":{"type":"Polygon","coordinates":[[[326191.538,6815267.876],[318052.532,6812526.437],[315480.728,6807577.389],[311934.626,6812066.557],[316022.756,6819963.472],[319633.759,6820693.772],[325656.919,6821088.745],[326191.538,6815267.876]]]},"geometry_name":"geom","properties":{"id":197,"kunta":"604","vuosi":2026,"nimi":"Pirkkala","namn":"Birkala","name":"Pirkkala"},"bbox":[311934.626,6807577.389,326191.538,6821088.745]},{"type":"Feature","id":"kunta4500k_2026.198","geometry":{"type":"Polygon","coordinates":[[[632099.484,6984754.453],[635541.918,6977756.474],[635493.168,6973434.696],[638630.658,6971477.507],[634981.925,6966834.451],[630726.038,6965153.04],[632146.536,6957206.258],[626489.648,6957082.457],[622811.278,6952316.302],[617807.354,6956270.871],[614469.029,6964953.624],[606795.79,6970125.15],[600242.2,6977188.475],[600004.69,6982527.134],[604624.085,6985773.066],[607783.378,6986258.266],[608711.035,6990737.317],[619052.983,6993850.254],[621912.828,6999802.476],[626219.965,6994930.995],[627921.275,6989100.963],[632099.484,6984754.453]]]},"geometry_name":"geom","properties":{"id":198,"kunta":"607","vuosi":2026,"nimi":"Polvijärvi","namn":"Polvijärvi","name":"Polvijärvi"},"bbox":[600004.69,6952316.302,638630.658,6999802.476]},{"type":"Feature","id":"kunta4500k_2026.199","geometry":{"type":"Polygon","coordinates":[[[256002.203,6850467.681],[253389.279,6850129.248],[247977.686,6849382.724],[246787.881,6844706.138],[236817.074,6841335.77],[227728.139,6849487.788],[221808.002,6857384.242],[235043.787,6858477.361],[238230.858,6855951.77],[241042.32,6859759.356],[244964.714,6858301.623],[246182.757,6854696.412],[251936.989,6856059.256],[256002.203,6850467.681]]]},"geometry_name":"geom","properties":{"id":199,"kunta":"608","vuosi":2026,"nimi":"Pomarkku","namn":"Påmark","name":"Pomarkku"},"bbox":[221808.002,6841335.77,256002.203,6859759.356]},{"type":"Feature","id":"kunta4500k_2026.200","geometry":{"type":"MultiPolygon","coordinates":[[[[207777.1444,6842498.6909],[204918.2927,6842328.7463],[203408.8912,6843978.0774],[202799.1279,6845767.3564],[204448.4611,6846826.9385],[204908.2602,6850465.48],[205338.0851,6851035.2532],[205787.9045,6851045.2512],[206697.5427,6850295.5562],[207607.185,6848646.2224],[209116.5871,6846856.9474],[209876.2882,6845507.4925],[209886.2916,6843858.1547],[208986.6568,6842948.5158],[207777.1444,6842498.6909]]],[[[227728.139,6849487.788],[236817.074,6841335.77],[246787.881,6844706.138],[247977.686,6849382.724],[253389.279,6850129.248],[256002.203,6850467.681],[264982.579,6847237.863],[269868.088,6848072.825],[271945.638,6845525.215],[273597.562,6842067.542],[272349.674,6839794.226],[271736.938,6837141.473],[265331.352,6831822.259],[256997.689,6825762.4],[247459.686,6835751.501],[239786.04,6836441.196],[230896.902,6832882.707],[227893.757,6829593.382],[222569.956,6816742.727],[217790.058,6817656.44],[215160.166,6821647.308],[211065.023,6821297.569],[208366.79059715,6824316.27719744],[208906.7737,6824266.0153],[209666.469,6824196.0469],[211175.8631,6824196.0537],[211625.6804,6824655.8712],[211315.7973,6826305.2077],[209946.3395,6827944.5433],[208296.9983,6828684.2389],[206477.7232,6829873.7531],[205568.0815,6831373.147],[205568.0788,6831972.9063],[206167.8339,6832882.5438],[207667.2319,6832892.5466],[210995.9052,6830803.4004],[212645.243,6830813.4039],[212945.1206,6831263.2247],[212485.2991,6832612.6808],[209926.3189,6834252.0111],[209156.6177,6836501.1048],[207947.0897,6839489.8995],[208087.0281,6840699.4146],[208836.7224,6841748.9966],[210046.2368,6841758.9981],[213974.6746,6838480.332],[215024.2553,6838030.5173],[216383.7088,6838190.4592],[216223.7669,6839539.9168],[213184.9586,6845827.379],[212425.2575,6847176.8338],[211815.4935,6849126.0486],[211955.4286,6851075.2668],[211935.4136,6856243.1921],[211629.0963328,6857054.16872067],[221808.002,6857384.242],[227728.139,6849487.788]]]]},"geometry_name":"geom","properties":{"id":200,"kunta":"609","vuosi":2026,"nimi":"Pori","namn":"Björneborg","name":"Pori"},"bbox":[202799.1279,6816742.727,273597.562,6857384.242]},{"type":"Feature","id":"kunta4500k_2026.201","geometry":{"type":"Polygon","coordinates":[[[413073.963,6712770.878],[413795.168,6706224.109],[417449.445,6702898.098],[418012.334,6701318.942],[415261.241,6699125.676],[409843.854,6697758.511],[402460.677,6708594.602],[401427.364,6711210.401],[403518.489,6712618.26],[411887.797,6713876.226],[413073.963,6712770.878]]]},"geometry_name":"geom","properties":{"id":201,"kunta":"611","vuosi":2026,"nimi":"Pornainen","namn":"Borgnäs","name":"Pornainen"},"bbox":[401427.364,6697758.511,418012.334,6713876.226]},{"type":"Feature","id":"kunta4500k_2026.202","geometry":{"type":"Polygon","coordinates":[[[575470.26,7375090.259],[568892.525,7357831.516],[571535.284,7350680.086],[578610.673,7349374.686],[577450.11,7336119.469],[572435.541,7335122.877],[573532.923,7328766.401],[579928.398,7325866.071],[579288.478,7321216.143],[575008.83,7319436.645],[570051.364,7321770.669],[563104.105,7320196.602],[562371.144,7316158.058],[568767.928,7308451.269],[569086.753,7303600.565],[555960.827,7298229.095],[534776.431,7300873.374],[529768.18,7315646.993],[523951.184,7311273.286],[518535.957,7313104.574],[520795.847,7316637.623],[521208.571,7331556.466],[512311.532,7335857.737],[511710.473,7342032.767],[511734.922,7348523.66],[511192.147,7356938.071],[518606.762,7352192.601],[526623.087,7364728.303],[535378.621,7368308.192],[543832.875,7367003.429],[550800.376,7368510.817],[554638.626,7367022.047],[562149.926,7375474.395],[575470.26,7375090.259]]]},"geometry_name":"geom","properties":{"id":202,"kunta":"614","vuosi":2026,"nimi":"Posio","namn":"Posio","name":"Posio"},"bbox":[511192.147,7298229.095,579928.398,7375474.395]},{"type":"Feature","id":"kunta4500k_2026.203","geometry":{"type":"Polygon","coordinates":[[[534776.431,7300873.374],[532616.564,7295659.374],[537909.957,7281546.95],[535943.053,7265221.671],[540211.858,7254258.172],[545636.248,7253752.079],[553051.591,7246493.273],[554298.02,7236856.128],[546561.028,7233474.266],[542025.612,7218946.15],[531310.618,7222140.256],[525568.03,7218524.964],[515503.419,7218599.02],[500220.485,7220360.008],[482550.406,7219321.807],[468009.568,7231051.786],[464234.849,7239236.425],[473314.69,7247271.047],[460700.885,7255425.283],[461012.297,7270595.634],[461385.917,7289578.81],[491950.939,7286610.701],[503301.393,7289791.985],[518535.957,7313104.574],[523951.184,7311273.286],[529768.18,7315646.993],[534776.431,7300873.374]]]},"geometry_name":"geom","properties":{"id":203,"kunta":"615","vuosi":2026,"nimi":"Pudasjärvi","namn":"Pudasjärvi","name":"Pudasjärvi"},"bbox":[460700.885,7218524.964,554298.02,7315646.993]},{"type":"Feature","id":"kunta4500k_2026.204","geometry":{"type":"Polygon","coordinates":[[[426631.036,6720528.076],[426630.906,6720528.079],[422033.203,6720617.096],[418695.893,6716908.78],[414798.22,6723335.099],[413935.768,6726304.675],[416518.015,6729486.674],[419174.539,6730717.412],[424096.839,6726998.038],[431598.461,6730923.015],[431598.603,6730923.09],[430805.764,6725297.73],[426631.036,6720528.076]]]},"geometry_name":"geom","properties":{"id":204,"kunta":"616","vuosi":2026,"nimi":"Pukkila","namn":"Pukkila","name":"Pukkila"},"bbox":[413935.768,6716908.78,431598.603,6730923.09]},{"type":"Feature","id":"kunta4500k_2026.205","geometry":{"type":"Polygon","coordinates":[[[297912.327,6770626.756],[294311.243,6768899.488],[291954.503,6772407.834],[282345.246,6774309.421],[283959.59,6778162.734],[280639.54,6785440.994],[281615.645,6792413.385],[285307.458,6790016.681],[299894.258,6793125.238],[298836.826,6788879.988],[305264.715,6782737.647],[298066.4,6780223.28],[299677.521,6774882.564],[297912.327,6770626.756]]]},"geometry_name":"geom","properties":{"id":205,"kunta":"619","vuosi":2026,"nimi":"Punkalaidun","namn":"Punkalaidun","name":"Punkalaidun"},"bbox":[280639.54,6768899.488,305264.715,6793125.238]},{"type":"Feature","id":"kunta4500k_2026.206","geometry":{"type":"Polygon","coordinates":[[[561263.377,7197755.394],[554520.03,7187574.191],[550152.366,7187538.985],[551354.01,7167975.529],[541695.419,7161633.333],[536251.525,7156219.359],[525683.52,7153129.324],[519019.269,7160802.864],[514733.515,7165699.284],[511426.447,7175081.082],[512075.393,7179011.354],[507026.469,7190106.11],[516827.553,7187548.477],[519089.725,7192382.917],[518218.533,7203942.415],[512366.127,7211527.24],[515503.419,7218599.02],[525568.03,7218524.964],[531310.618,7222140.256],[542025.612,7218946.15],[546561.028,7233474.266],[556083.804,7231796.448],[557192.335,7226562.044],[553077.824,7217515.782],[559441.265,7209798.393],[561263.377,7197755.394]]]},"geometry_name":"geom","properties":{"id":206,"kunta":"620","vuosi":2026,"nimi":"Puolanka","namn":"Puolanka","name":"Puolanka"},"bbox":[507026.469,7153129.324,561263.377,7233474.266]},{"type":"Feature","id":"kunta4500k_2026.207","geometry":{"type":"Polygon","coordinates":[[[596327.952,6823806.064],[595424.474,6817314.955],[589715.42,6817049.628],[582214.657,6816782.492],[576626.611,6820614.718],[576045.059,6814506.169],[566913.4,6805721.647],[549805.424,6802171.894],[542379.233,6803375.649],[540059.564,6804182.511],[536242.969,6808208.648],[540525.026,6811494.846],[539481.222,6815160.853],[543147.216,6818717.426],[547859.379,6823891.352],[551427.064,6830511.306],[551947.353,6836243.877],[559415.165,6832239.94],[559518.216,6837695.486],[562166.891,6843209.649],[565350.482,6839337.586],[573711.671,6838091.161],[577349.447,6831714.44],[583404.19,6830603.966],[596327.952,6823806.064]]]},"geometry_name":"geom","properties":{"id":207,"kunta":"623","vuosi":2026,"nimi":"Puumala","namn":"Puumala","name":"Puumala"},"bbox":[536242.969,6802171.894,596327.952,6843209.649]},{"type":"Feature","id":"kunta4500k_2026.208","geometry":{"type":"MultiPolygon","coordinates":[[[[489794.4927,6689421.5484],[488295.0964,6689411.5451],[486335.88,6690451.1172],[485876.0607,6691350.7528],[486025.9967,6692100.4517],[488574.9611,6694069.6714],[490234.2997,6692720.2226],[490694.1219,6691220.8284],[490544.1866,6690321.1899],[489794.4927,6689421.5484]]],[[[480288.2847,6696568.6254],[477779.3047,6694469.4582],[476659.7532,6694909.2757],[474950.4346,6696268.7203],[476069.9765,6697818.1021],[476829.6674,6698507.8281],[478758.8829,6700167.1695],[480868.0339,6700177.1757],[482077.5513,6699287.5396],[482237.4942,6697788.1439],[480288.2847,6696568.6254]]],[[[491186.214,6704307.832],[491303.41078316,6702423.9301334],[490494.1437,6703385.9303],[489434.5688,6703675.8086],[488085.1142,6703225.9832],[485836.0297,6701106.8254],[483127.1202,6701096.8164],[480558.1449,6703026.0275],[479348.6318,6703026.0217],[477399.4236,6701506.6238],[475140.333,6701496.617],[473620.9458,6701216.7223],[472771.29,6700766.8993],[471818.38814132,6700238.27603171],[471700.599,6701373.312],[469660.843,6706380.052],[473171.244,6710238.94],[472605.358,6712262.216],[475008.681,6713299.022],[474886.715,6715538.614],[477973.473,6722914.56],[482653.225,6723766.967],[486511.377,6715554.71],[491186.214,6704307.832]]]]},"geometry_name":"geom","properties":{"id":208,"kunta":"624","vuosi":2026,"nimi":"Pyhtää","namn":"Pyttis","name":"Pyhtää"},"bbox":[469660.843,6689411.5451,491303.41078316,6723766.967]},{"type":"Feature","id":"kunta4500k_2026.209","geometry":{"type":"Polygon","coordinates":[[[397674.958,7142382.101],[393726.336,7140926.876],[388316.346,7140809.257],[377985.088,7142433.632],[373123.411,7139922.489],[367731.058,7134639.838],[354536.463,7142479.686],[356106.3929,7145357.6356],[362843.6618,7152604.7457],[368251.4758,7156543.1807],[368691.2922,7158642.3386],[368921.1987,7158992.1987],[370369.35307685,7160108.90292025],[389498.93,7152667.248],[397674.958,7142382.101]]]},"geometry_name":"geom","properties":{"id":209,"kunta":"625","vuosi":2026,"nimi":"Pyhäjoki","namn":"Pyhäjoki","name":"Pyhäjoki"},"bbox":[354536.463,7134639.838,397674.958,7160108.90292025]},{"type":"Feature","id":"kunta4500k_2026.210","geometry":{"type":"Polygon","coordinates":[[[462785.501,7079521.042],[464854.405,7051516.751],[460032.116,7049273.187],[458422.283,7039438.245],[458467.072,7036592.579],[449823.929,7033795.763],[444765.3,7035052.776],[439004.42,7042516.974],[424539.134,7045824.724],[417999.767,7051437.468],[421096.89,7055672.607],[428750.955,7058267.187],[434089.189,7075393.087],[463261.848,7089025.861],[462785.501,7079521.042]]]},"geometry_name":"geom","properties":{"id":210,"kunta":"626","vuosi":2026,"nimi":"Pyhäjärvi","namn":"Pyhäjärvi","name":"Pyhäjärvi"},"bbox":[417999.767,7033795.763,464854.405,7089025.861]},{"type":"Feature","id":"kunta4500k_2026.211","geometry":{"type":"Polygon","coordinates":[[[488879.423,7121106.639],[489315.436,7103395.369],[493669.471,7101140.706],[478421.209,7093042.385],[462785.501,7079521.042],[463261.848,7089025.861],[460317.508,7096721.518],[462313.422,7107343.105],[458251.155,7112404.776],[465587.685,7115107.992],[467072.306,7119547.364],[470766.991,7122659.592],[488879.423,7121106.639]]]},"geometry_name":"geom","properties":{"id":211,"kunta":"630","vuosi":2026,"nimi":"Pyhäntä","namn":"Pyhäntä","name":"Pyhäntä"},"bbox":[458251.155,7079521.042,493669.471,7122659.592]},{"type":"Feature","id":"kunta4500k_2026.212","geometry":{"type":"Polygon","coordinates":[[[211671.977,6774130.133],[207266.757,6769371.405],[203122.906,6771259.358],[201981.428,6762310.155],[198054.47,6762137.4],[196800.934,6767108.387],[197524.64456911,6769664.34894613],[197561.5837,6769627.8962],[198011.4031,6769627.8984],[198461.2196,6770237.6558],[198151.3347,6772186.8718],[194822.6488,6776824.994],[192833.416,6783412.3403],[192973.3534,6784771.7953],[193723.0489,6785521.4979],[194322.8068,6785821.3803],[195021.28962429,6785895.39505051],[200824.412,6777301.306],[205768.204,6777303.71],[209781.948,6780489.404],[211671.977,6774130.133]]]},"geometry_name":"geom","properties":{"id":212,"kunta":"631","vuosi":2026,"nimi":"Pyhäranta","namn":"Pyhäranta","name":"Pyhäranta"},"bbox":[192833.416,6762137.4,211671.977,6785895.39505051]},{"type":"Feature","id":"kunta4500k_2026.213","geometry":{"type":"Polygon","coordinates":[[[386004.133,6817676.617],[388341.3,6800758.633],[383440.364,6795461.565],[378562.461,6800257.078],[377133.035,6795284.15],[370046.948,6799056.205],[355196.889,6791753.407],[344003.072,6798693.03],[343703.273,6803095.608],[355135.749,6810364.444],[355052.202,6814610.488],[363858.73,6811612.349],[378918.742,6814558.267],[381899.242,6819489.188],[386004.133,6817676.617]]]},"geometry_name":"geom","properties":{"id":213,"kunta":"635","vuosi":2026,"nimi":"Pälkäne","namn":"Pälkäne","name":"Pälkäne"},"bbox":[343703.273,6791753.407,388341.3,6819489.188]},{"type":"Feature","id":"kunta4500k_2026.214","geometry":{"type":"Polygon","coordinates":[[[261728.108,6762641.748],[258623.453,6756894.97],[261931.183,6752483.069],[269332.746,6749678.537],[278463.501,6737971.342],[273291.59,6728645.782],[263938.323,6730398.827],[257539.795,6733857.526],[250110.717,6742255.941],[240181.567,6750860.31],[237353.515,6758229.25],[243395.267,6763918.679],[260943.87,6764023.99],[261728.108,6762641.748]]]},"geometry_name":"geom","properties":{"id":214,"kunta":"636","vuosi":2026,"nimi":"Pöytyä","namn":"Pöytyä","name":"Pöytyä"},"bbox":[237353.515,6728645.782,278463.501,6764023.99]},{"type":"Feature","id":"kunta4500k_2026.215","geometry":{"type":"MultiPolygon","coordinates":[[[[441843.8656,6673816.6517],[440194.5323,6673206.889],[436276.1085,6673326.8213],[435066.5907,6674226.4533],[434916.6495,6674526.3319],[435056.5873,6675725.85],[436106.1575,6677235.2478],[437905.4291,6678144.8906],[439414.8202,6678454.7734],[441673.9148,6677715.0822],[442593.5573,6675166.1124],[441843.8656,6673816.6517]]],[[[420322.5293,6673427.6442],[418663.1991,6672967.821],[417913.4971,6673707.5197],[417503.6475,6676616.3474],[418333.2999,6679415.2255],[419082.9945,6680174.9235],[419992.6286,6680174.928],[420892.2718,6679135.3507],[420912.2831,6675226.9233],[420322.5293,6673427.6442]]],[[[425730.3489,6674357.297],[424081.0126,6674347.2929],[423321.3108,6675846.6858],[423151.3589,6679945.0361],[422891.4573,6681194.5321],[422471.618,6682853.8624],[422511.5898,6685322.8693],[423271.2791,6686352.4588],[424180.9139,6686202.5236],[425700.3217,6682314.0955],[426909.8432,6680664.7651],[427219.7252,6679315.3095],[427079.7896,6677665.9725],[426330.1032,6675256.938],[425730.3489,6674357.297]]],[[[434110.318,6706238.575],[441981.101,6697323.176],[440762.53809759,6688441.80075347],[440124.486,6688841.5399],[439374.7906,6688241.7776],[438934.9764,6686432.5034],[439844.6207,6684343.3485],[440464.3889,6680744.7996],[440164.5119,6680284.9832],[439404.8183,6680135.0398],[437745.4742,6682524.0703],[436535.9609,6682524.0643],[435936.2045,6682064.2464],[434136.9388,6679955.0862],[432187.7239,6679795.141],[430978.204,6681134.5961],[428409.2273,6683223.7429],[427189.7062,6685622.7716],[426729.8794,6688021.8041],[426270.0585,6689221.3193],[425520.3572,6689821.0743],[424310.8431,6689961.0121],[423411.2073,6689501.1927],[420852.2369,6689491.1841],[420252.4849,6688131.7281],[419892.6453,6684943.0092],[419162.9451,6683683.5124],[418733.12,6683273.6751],[418393.2584,6682933.8102],[417824.3476937,6682541.60245376],[415198.668,6685186.889],[409854.62,6694354.312],[409843.854,6697758.511],[415261.241,6699125.676],[418012.334,6701318.942],[417449.445,6702898.098],[413795.168,6706224.109],[420729.97,6706689.307],[423421.791,6704555.878],[425989.811,6708046.772],[429744.182,6705662.097],[430607.018,6707685.448],[431838.508,6712416.556],[435452.724,6713352.601],[435452.744,6713352.606],[435459.201,6713354.279],[434110.318,6706238.575]]]]},"geometry_name":"geom","properties":{"id":215,"kunta":"638","vuosi":2026,"nimi":"Porvoo","namn":"Borgå","name":"Porvoo"},"bbox":[409843.854,6672967.821,442593.5573,6713354.279]},{"type":"Feature","id":"kunta4500k_2026.216","geometry":{"type":"Polygon","coordinates":[[[423921.136,7144295.5],[425799.694,7138315.664],[412986.623,7134009.983],[402326.205,7137080.61],[397674.958,7142382.101],[389498.93,7152667.248],[370369.35307685,7160108.90292025],[372589.7152,7161821.0738],[374219.0444,7166779.0865],[375848.3679,7173546.3721],[376288.1845,7175645.5299],[377337.7559,7177754.6856],[378687.2107,7178664.3243],[380946.3004,7179424.0261],[381755.9735,7179893.8399],[381995.8766,7180033.7844],[383935.0891,7182592.7621],[384035.8847,7186363.9496],[384041.81954927,7187476.23746035],[386899.716,7186656.658],[395393.432,7172654.781],[391626.297,7164350.758],[396418.168,7161922.903],[423921.136,7144295.5]]]},"geometry_name":"geom","properties":{"id":216,"kunta":"678","vuosi":2026,"nimi":"Raahe","namn":"Brahestad","name":"Raahe"},"bbox":[370369.35307685,7134009.983,425799.694,7187476.23746035]},{"type":"Feature","id":"kunta4500k_2026.217","geometry":{"type":"Polygon","coordinates":[[[239031.602,6717088.129],[236093.681,6712494.604],[230992.164,6711298.417],[229371.114,6714045.966],[230299.548,6718842.165],[233641.175,6720243.662],[239031.602,6717088.129]]]},"geometry_name":"geom","properties":{"id":217,"kunta":"680","vuosi":2026,"nimi":"Raisio","namn":"Reso","name":"Raisio"},"bbox":[229371.114,6711298.417,239031.602,6720243.662]},{"type":"Feature","id":"kunta4500k_2026.218","geometry":{"type":"Polygon","coordinates":[[[572240.425,6898837.522],[574011.605,6888136.158],[578423.635,6888585.021],[583167.512,6886596.132],[586704.976,6875945.291],[589946.283,6871750.658],[587258.29,6868072.246],[581817.76,6868897.776],[576304.194,6865603.498],[571966.566,6866545.126],[564115.078,6867829.082],[564394.436,6870076.615],[559344.14,6872164.633],[556396.161,6868993.185],[545654.414,6875206.721],[545338.107,6878987.191],[549385.665,6881071.772],[548420.613,6883700.346],[556354.164,6887621.067],[553481.163,6893584.51],[555126.886,6897464.353],[554513.792,6900833.999],[572240.425,6898837.522]]]},"geometry_name":"geom","properties":{"id":218,"kunta":"681","vuosi":2026,"nimi":"Rantasalmi","namn":"Rantasalmi","name":"Rantasalmi"},"bbox":[545338.107,6865603.498,589946.283,6900833.999]},{"type":"Feature","id":"kunta4500k_2026.219","geometry":{"type":"Polygon","coordinates":[[[511710.473,7342032.767],[512311.532,7335857.737],[521208.571,7331556.466],[520795.847,7316637.623],[518535.957,7313104.574],[503301.393,7289791.985],[491950.939,7286610.701],[461385.917,7289578.81],[461616.22,7300363.885],[451429.652,7295129.029],[439885.681,7308498.831],[447684.232,7322077.929],[444094.817,7330386.502],[457934.233,7337960.185],[471563.333,7344903.843],[476092.148,7340941.284],[482855.508,7344139.762],[481133.189,7351742.13],[487771.299,7353224.598],[495535.822,7353564.179],[500109.423,7347538.638],[504368.778,7342356.769],[511710.473,7342032.767]]]},"geometry_name":"geom","properties":{"id":219,"kunta":"683","vuosi":2026,"nimi":"Ranua","namn":"Ranua","name":"Ranua"},"bbox":[439885.681,7286610.701,521208.571,7353564.179]},{"type":"Feature","id":"kunta4500k_2026.220","geometry":{"type":"MultiPolygon","coordinates":[[[[198201.2067,6795007.711],[197301.5678,6794997.7108],[196541.8707,6795447.5267],[195932.107,6797246.8016],[195782.1616,6798446.3193],[196072.041,6799345.9596],[196971.6757,6800255.5986],[197821.3336,6800465.5183],[199540.6493,6799216.0279],[199400.7153,6797116.8699],[199320.7489,6796796.998],[199100.8413,6795907.3541],[198201.2067,6795007.711]]],[[[223873.007,6789854.999],[233102.792,6781832.366],[233925.762,6777536.029],[221421.513,6774809.228],[217953.144,6777848.471],[211671.977,6774130.133],[209781.948,6780489.404],[205768.204,6777303.71],[200824.412,6777301.306],[195021.28962429,6785895.39505051],[195832.2001,6785981.3232],[196671.867,6785151.6603],[196891.7797,6784941.7456],[197441.559,6784941.7482],[198701.0527,6785101.6899],[199140.874,6785551.5114],[199940.5448,6787280.821],[200190.442,6787810.6095],[200780.1961,6789759.8298],[200890.1327,6793848.1891],[200910.1213,6794567.9003],[201090.0444,6795577.4958],[201239.9805,6796357.1835],[201949.6801,6799675.8546],[201769.7494,6800295.605],[201689.7803,6800565.4963],[201881.69213046,6801372.25351918],[212066.55,6791271.757],[223873.007,6789854.999]]]]},"geometry_name":"geom","properties":{"id":220,"kunta":"684","vuosi":2026,"nimi":"Rauma","namn":"Raumo","name":"Rauma"},"bbox":[195021.28962429,6774130.133,233925.762,6801372.25351918]},{"type":"Feature","id":"kunta4500k_2026.221","geometry":{"type":"Polygon","coordinates":[[[491950.636,6963827.477],[497468.145,6943710.221],[494316.482,6939446.207],[495488.747,6936168.862],[493788.071,6928274.445],[489155.391,6924197.201],[484991.471,6924674.438],[481068.066,6924451.701],[473405.906,6933594.764],[479386.969,6942287.987],[471765.145,6962221.13],[476471.164,6965629.408],[481370.758,6964484.125],[483056.071,6968826.888],[491950.636,6963827.477]]]},"geometry_name":"geom","properties":{"id":221,"kunta":"686","vuosi":2026,"nimi":"Rautalampi","namn":"Rautalampi","name":"Rautalampi"},"bbox":[471765.145,6924197.201,497468.145,6968826.888]},{"type":"Feature","id":"kunta4500k_2026.222","geometry":{"type":"Polygon","coordinates":[[[587931.855,7030006.2],[587025.332,7021459.087],[581015.594,7009316.911],[577843.975,7012082.208],[573697.951,7013932.525],[572668.302,7016790.715],[572001.571,7025540.166],[567946.912,7028009.536],[567136.426,7022506.299],[563553.24,7022845.424],[562945.666,7029138.716],[558276.705,7028434.343],[554366.998,7030987.967],[556114.933,7040487.644],[551773.224,7047305.505],[551747.103,7055001.686],[557748.878,7065762.393],[563043.244,7060737.936],[567078.911,7070399.907],[572235.875,7064255.755],[576662.759,7064585.051],[578864.851,7061204.653],[579773.495,7050707.633],[582880.682,7049200.219],[579744.138,7045357.909],[581762.132,7039713.863],[583161.766,7033823.162],[587931.855,7030006.2]]]},"geometry_name":"geom","properties":{"id":222,"kunta":"687","vuosi":2026,"nimi":"Rautavaara","namn":"Rautavaara","name":"Rautavaara"},"bbox":[551747.103,7009316.911,587931.855,7070399.907]},{"type":"Feature","id":"kunta4500k_2026.223","geometry":{"type":"Polygon","coordinates":[[[630413.055,6812512.125],[624207.9,6803706.4],[620362.3,6795006.7],[611969.414,6788012.02],[608560.973,6791652.929],[610931.76,6805770.365],[615023.114,6812491.613],[610033.227,6815822.391],[613996.795,6818750.654],[617953.956,6818825.979],[618959.17,6822774.405],[625892.02,6819723.983],[630413.055,6812512.125]]]},"geometry_name":"geom","properties":{"id":223,"kunta":"689","vuosi":2026,"nimi":"Rautjärvi","namn":"Rautjärvi","name":"Rautjärvi"},"bbox":[608560.973,6788012.02,630413.055,6822774.405]},{"type":"Feature","id":"kunta4500k_2026.224","geometry":{"type":"Polygon","coordinates":[[[412982.72,7054781.153],[407657.217,7050922.609],[404408.486,7039073.207],[402107.619,7038128.976],[391823.151,7052793.048],[382095.705,7060308.614],[388181.098,7066578.281],[397258.568,7061945.667],[399151.964,7071604.938],[405883.867,7070321.403],[412982.72,7054781.153]]]},"geometry_name":"geom","properties":{"id":224,"kunta":"691","vuosi":2026,"nimi":"Reisjärvi","namn":"Reisjärvi","name":"Reisjärvi"},"bbox":[382095.705,7038128.976,412982.72,7071604.938]},{"type":"Feature","id":"kunta4500k_2026.225","geometry":{"type":"Polygon","coordinates":[[[381696.299,6727565.336],[376423.919,6725649.768],[369728.766,6728123.905],[369268.605,6730948.148],[372936.214,6734174.137],[374156.418,6737320.495],[375619.809,6742282.469],[382173.614,6739788.296],[381696.299,6727565.336]]]},"geometry_name":"geom","properties":{"id":225,"kunta":"694","vuosi":2026,"nimi":"Riihimäki","namn":"Riihimäki","name":"Riihimäki"},"bbox":[369268.605,6725649.768,382173.614,6742282.469]},{"type":"Feature","id":"kunta4500k_2026.226","geometry":{"type":"Polygon","coordinates":[[[589351.221,7153309.61],[588189.637,7148017.06],[587606.177,7136319.633],[584731.874,7132752.879],[576649.893,7135416.65],[570594.488,7139642.95],[551889.277,7149806.046],[549195.974,7158972.423],[541695.419,7161633.333],[551354.01,7167975.529],[559551.799,7168560.612],[563256.154,7163384.285],[568497.679,7164284.406],[589351.221,7153309.61]]]},"geometry_name":"geom","properties":{"id":226,"kunta":"697","vuosi":2026,"nimi":"Ristijärvi","namn":"Ristijärvi","name":"Ristijärvi"},"bbox":[541695.419,7132752.879,589351.221,7168560.612]},{"type":"Feature","id":"kunta4500k_2026.227","geometry":{"type":"Polygon","coordinates":[[[428510.971,7449194.171],[439783.761,7447292.232],[452469.739,7445168.698],[469724.744,7430667.283],[472593.655,7426370.374],[478933.385,7425099.02],[484879.162,7411583.272],[486582.212,7383990.811],[505525.802,7360804.936],[511192.147,7356938.071],[511734.922,7348523.66],[511710.473,7342032.767],[504368.778,7342356.769],[500109.423,7347538.638],[495535.822,7353564.179],[487771.299,7353224.598],[481133.189,7351742.13],[482855.508,7344139.762],[476092.148,7340941.284],[471563.333,7344903.843],[457934.233,7337960.185],[444853.57,7344279.765],[425254.52,7344288.386],[401100.619,7358688.557],[413178.062,7374305.669],[411402.469,7405428.684],[406913.773,7426046.917],[401952.851,7450100.357],[407471.426,7452716.507],[428510.971,7449194.171]]]},"geometry_name":"geom","properties":{"id":227,"kunta":"698","vuosi":2026,"nimi":"Rovaniemi","namn":"Rovaniemi","name":"Rovaniemi"},"bbox":[401100.619,7337960.185,511734.922,7452716.507]},{"type":"Feature","id":"kunta4500k_2026.228","geometry":{"type":"Polygon","coordinates":[[[618959.17,6822774.405],[617953.956,6818825.979],[613996.795,6818750.654],[610033.227,6815822.391],[615023.114,6812491.613],[610931.76,6805770.365],[608560.973,6791652.929],[611969.414,6788012.02],[608699.025,6785463.269],[603481.503,6789663.155],[602873.162,6795012.41],[598941.403,6795109.88],[599204.259,6792013.805],[597225.264,6790900.146],[593682.619,6791103.442],[591358.837,6789769.532],[585889.599,6786089.993],[574927.383,6795299.456],[566913.4,6805721.647],[576045.059,6814506.169],[576626.611,6820614.718],[582214.657,6816782.492],[589715.42,6817049.628],[595424.474,6817314.955],[596327.952,6823806.064],[603980.674,6824572.057],[620151.114,6827002.29],[618959.17,6822774.405]]]},"geometry_name":"geom","properties":{"id":228,"kunta":"700","vuosi":2026,"nimi":"Ruokolahti","namn":"Ruokolax","name":"Ruokolahti"},"bbox":[566913.4,6785463.269,620151.114,6827002.29]},{"type":"Feature","id":"kunta4500k_2026.229","geometry":{"type":"Polygon","coordinates":[[[345382.816,6891191.697],[350673.888,6886533.412],[358179.304,6885800.183],[359407.251,6882141.024],[357710.709,6878543.261],[365474.477,6866870.594],[363795.749,6861227.621],[353977.939,6857778.959],[346626.256,6854536.218],[341807.049,6854120.846],[334465.339,6859985.051],[334488.264,6872577.906],[327262.562,6882065.73],[326675.837,6888024.827],[332205.534,6888237.195],[336586.275,6892485.493],[336265.742,6897198.856],[345382.816,6891191.697]]]},"geometry_name":"geom","properties":{"id":229,"kunta":"702","vuosi":2026,"nimi":"Ruovesi","namn":"Ruovesi","name":"Ruovesi"},"bbox":[326675.837,6854120.846,365474.477,6897198.856]},{"type":"Feature","id":"kunta4500k_2026.230","geometry":{"type":"Polygon","coordinates":[[[239031.602,6717088.129],[233641.175,6720243.662],[237803.37,6727309.803],[250110.717,6742255.941],[247806.495,6730482.339],[240176.902,6718406.035],[239031.602,6717088.129]]]},"geometry_name":"geom","properties":{"id":230,"kunta":"704","vuosi":2026,"nimi":"Rusko","namn":"Rusko","name":"Rusko"},"bbox":[233641.175,6717088.129,250110.717,6742255.941]},{"type":"Feature","id":"kunta4500k_2026.231","geometry":{"type":"Polygon","coordinates":[[[652577.649,6918908.503],[655933.337,6915852.932],[656330.213,6912148.758],[653731.957,6909271.163],[656095.95,6905020.107],[649645.306,6901104.978],[653806.551,6893961.432],[644860.205,6899063.538],[636046.726,6896449.609],[626271.814,6902900.183],[620346.808,6911222.714],[618711.242,6919371.21],[631158.664,6922113.32],[636900.765,6917058.113],[642761.947,6922622.43],[652577.649,6918908.503]]]},"geometry_name":"geom","properties":{"id":231,"kunta":"707","vuosi":2026,"nimi":"Rääkkylä","namn":"Rääkkylä","name":"Rääkkylä"},"bbox":[618711.242,6893961.432,656330.213,6922622.43]},{"type":"Feature","id":"kunta4500k_2026.232","geometry":{"type":"MultiPolygon","coordinates":[[[[299881.1259,6640940.0978],[297472.0943,6640920.0934],[296412.5139,6642119.6058],[297012.2674,6643169.1871],[298511.6593,6644228.769],[300620.8108,6644388.7156],[302120.2027,6645448.2974],[304829.1138,6645468.3034],[305138.9954,6644268.7871],[303789.5449,6642909.3266],[302130.2142,6642449.5028],[299881.1259,6640940.0978]]],[[[312658.828,6677827.908],[312606.84,6674738.33],[324054.825,6677641.332],[328151.94,6678390.657],[330160.479,6669763.78],[323062.736,6669532.653],[325963.981,6660836.459],[319481.83,6660025.962],[320105.843,6656157.081],[322649.22366786,6654237.26818943],[322152.1069,6653984.9689],[320902.6139,6653065.3322],[318943.4023,6652895.3905],[317134.1273,6653345.2004],[315484.7896,6653485.1357],[315034.9727,6653025.3183],[314735.0979,6652125.6784],[315494.8056,6649576.7069],[315054.9862,6648827.006],[313995.4161,6648067.3059],[310986.6263,6647897.3587],[309177.3513,6648347.1686],[306778.3172,6648027.2849],[306328.4995,6647727.4031],[303309.7145,6647407.5161],[300600.7956,6648896.9035],[299091.3961,6650086.4177],[297132.1836,6650076.4116],[295782.7306,6649166.7703],[294873.0969,6649016.8258],[294433.2769,6648407.0686],[293483.6713,6645918.0641],[293233.7752,6645248.3319],[292943.9003,6643598.9933],[291425.52572601,6642067.94982074],[292813.957,6646296.352],[288744.36,6649908.328],[285304.642,6646798.301],[283503.86624027,6648692.85543767],[283737.57,6649406.6118],[284467.2535,6653914.8039],[284157.3673,6656013.9587],[283547.6069,6657063.5338],[282947.8449,6657653.2937],[281898.269,6657203.4691],[280998.639,6655544.1313],[281008.6396,6654644.4928],[281018.6534,6651185.8827],[280568.8388,6650286.2419],[279519.2652,6649376.602],[277110.2325,6649516.5334],[275001.0801,6649506.5265],[272741.9879,6649496.5188],[271532.4662,6650985.9141],[270472.8826,6652785.1857],[268733.5719,6654644.4297],[268823.5215,6657403.3216],[269433.2704,6658602.8428],[270742.745,6658452.9097],[272720.1149,6657449.4887],[275120.9924,6657163.4504],[277080.2051,6657173.4564],[277679.9603,6657923.1582],[277360.0673,6662131.4656],[278109.7591,6663480.9272],[279458.40547674,6668830.06547343],[285913.262,6668838.274],[295198.34,6678153.616],[298119.962,6673665.522],[309001.264,6678917.712],[312658.828,6677827.908]]]]},"geometry_name":"geom","properties":{"id":232,"kunta":"710","vuosi":2026,"nimi":"Raasepori","namn":"Raseborg","name":"Raseborg"},"bbox":[268733.5719,6640920.0934,330160.479,6678917.712]},{"type":"Feature","id":"kunta4500k_2026.233","geometry":{"type":"Polygon","coordinates":[[[427279.716,6970716.39],[433491.844,6962014.069],[422908.889,6955970.967],[422021.596,6936040.476],[417949.047,6933215.534],[410065.516,6935294.782],[406701.07,6940362.62],[394930.61,6939592.02],[392185.816,6943010.068],[382380.012,6935477.19],[376149.768,6950563.473],[373036.311,6953044.961],[372356.168,6955798.067],[388929.975,6964100.211],[392721.693,6958726.969],[395308.741,6963387.582],[394575.612,6967069.607],[400093.761,6971771.032],[406827.238,6964481.634],[413384.497,6966506.166],[422124.876,6976321.002],[425536.068,6975968.421],[427279.716,6970716.39]]]},"geometry_name":"geom","properties":{"id":233,"kunta":"729","vuosi":2026,"nimi":"Saarijärvi","namn":"Saarijärvi","name":"Saarijärvi"},"bbox":[372356.168,6933215.534,433491.844,6976321.002]},{"type":"Feature","id":"kunta4500k_2026.234","geometry":{"type":"Polygon","coordinates":[[[614767.566,7370520.926],[600723.816,7369982.334],[600847.92,7367226.299],[575470.26,7375090.259],[562149.926,7375474.395],[554638.626,7367022.047],[550800.376,7368510.817],[547835.893,7376212.218],[552763.624,7390278.19],[551033.17,7398155.997],[546980.802,7398733.474],[541483.522,7406752.682],[538619.006,7418935.014],[541652.828,7434993.63],[547210.414,7436158.377],[559024.553,7444077.628],[572715.158,7447905.026],[578177.253,7459365.977],[583137.732,7471793.547],[583248.719,7475520.011],[594311.233,7493036.835],[596819.988,7500858.69],[605184.812,7509739.683],[612091.883,7523305.434],[612091.9,7523305.4],[627859.7,7509584],[624978.8,7492585.4],[621356.5,7487578.7],[616486.1,7477694.3],[614092.8,7475114.9],[612626.4,7472950.5],[613667,7471233.7],[612314.5,7470133.6],[610368.3,7469609.2],[608563.3,7468132.6],[608434.6,7464864],[590382.9,7432428.3],[589118.1,7428551.8],[588909.5,7424527.9],[590371.8,7416498.7],[593130.4,7410832.7],[594548.9,7408533.9],[604456,7393092.6],[605693.5,7389646.3],[606883.5,7386978.2],[609809.277,7382629.323],[612103.6,7377488.2],[614767.566,7370520.926]]]},"geometry_name":"geom","properties":{"id":234,"kunta":"732","vuosi":2026,"nimi":"Salla","namn":"Salla","name":"Salla"},"bbox":[538619.006,7367022.047,627859.7,7523305.434]},{"type":"Feature","id":"kunta4500k_2026.235","geometry":{"type":"MultiPolygon","coordinates":[[[[272991.8272,6661201.8168],[270442.8576,6659992.2897],[268663.5682,6660821.9472],[267983.8289,6663250.9677],[268763.5063,6665080.2368],[270262.8961,6666589.638],[271312.4736,6666749.5791],[271772.2904,6666449.7019],[273431.6351,6664210.6101],[273591.5823,6661961.5146],[272991.8272,6661201.8168]]],[[[274812.4398,6667528.976],[273153.1074,6667369.0318],[272103.5268,6667808.8498],[271533.7493,6669078.3368],[272093.5186,6670217.8818],[273742.849,6671577.3439],[275542.126,6671587.3491],[276301.8268,6670387.8349],[276461.7687,6669188.3177],[276161.893,6668438.6174],[274812.4398,6667528.976]]],[[[309224.065,6722809.054],[307866.038,6716061.265],[312425.037,6710150.229],[315435.5,6708165.017],[320774.171,6710467.086],[320684.927,6706752.062],[323117.104,6705869.091],[323127.585,6698912.221],[319314.378,6696972.814],[319409.151,6692532.305],[311139.037,6685125.451],[312658.828,6677827.908],[309001.264,6678917.712],[298119.962,6673665.522],[295198.34,6678153.616],[285913.262,6668838.274],[279458.40547674,6668830.06547343],[279589.1347,6669348.577],[279539.1533,6669638.4602],[279279.2493,6671297.7921],[278669.4905,6672047.4878],[276710.2755,6672487.3011],[275830.6229,6673676.8187],[275070.9246,6674376.5337],[272072.121,6676045.8477],[271722.2508,6678164.9945],[272621.232,6680489.2035],[273313.4123,6682170.2128],[276950.1025,6687651.2094],[279639.0047,6691119.8292],[280598.6129,6692349.3399],[281878.0839,6695328.1494],[281768.1175,6697457.2934],[281568.1972,6697577.2442],[280358.6795,6698326.9369],[276160.3799,6695598.0124],[272432.554,6692499.31],[269524.021,6700258.507],[273166.818,6708107.437],[271984.469,6715508.801],[286367.884,6721621.783],[292306.716,6722632.42],[302390.447,6717646.38],[309224.065,6722809.054]]]]},"geometry_name":"geom","properties":{"id":235,"kunta":"734","vuosi":2026,"nimi":"Salo","namn":"Salo","name":"Salo"},"bbox":[267983.8289,6659992.2897,323127.585,6722809.054]},{"type":"Feature","id":"kunta4500k_2026.236","geometry":{"type":"Polygon","coordinates":[[[124986.54314975,6705735.24495113],[114090.812,6697520.839],[110655.435,6705389.217],[115046.823,6711900.586],[111529.815,6714149.452],[112954.91973268,6716151.8007698],[114195.3078,6714879.4568],[115814.6607,6714389.6615],[116354.4449,6714239.7244],[117863.8408,6713949.8483],[119523.1797,6713050.2176],[121342.465,6710061.4259],[123911.4411,6708721.9763],[124821.0876,6706472.8833],[124986.54314975,6705735.24495113]]]},"geometry_name":"geom","properties":{"id":236,"kunta":"736","vuosi":2026,"nimi":"Saltvik","namn":"Saltvik","name":"Saltvik"},"bbox":[110655.435,6697520.839,124986.54314975,6716151.8007698]},{"type":"Feature","id":"kunta4500k_2026.237","geometry":{"type":"Polygon","coordinates":[[[269524.021,6700258.507],[272432.554,6692499.31],[270612.6308,6691219.7437],[269263.1798,6689860.2832],[266104.4573,6688190.938],[263395.5502,6687271.2938],[259337.1822,6686951.4018],[257677.8451,6687691.0963],[255558.6881,6689330.4271],[251650.259,6689160.4756],[250768.1901,6689564.4473],[250898.4529,6690932.2068],[253308.3148,6695556.5364],[255066.8627,6698617.7123],[255261.63955811,6699429.28259197],[257945.707,6702009.431],[269524.021,6700258.507]]]},"geometry_name":"geom","properties":{"id":237,"kunta":"738","vuosi":2026,"nimi":"Sauvo","namn":"Sagu","name":"Sauvo"},"bbox":[250768.1901,6686951.4018,272432.554,6702009.431]},{"type":"Feature","id":"kunta4500k_2026.238","geometry":{"type":"Polygon","coordinates":[[[549805.424,6802171.894],[545131.668,6796410.098],[545284.136,6791365.067],[540436.79,6792450.386],[540481.312,6789830.259],[543442.312,6786865.99],[542196.954,6781271.564],[537395.109,6779784.63],[538206.571,6774453.702],[533313.246,6770086.234],[530962.248,6764893.317],[522930.07,6766315.783],[519645.127,6774135.687],[512322.995,6772856.064],[511075.037,6780901.795],[519122.677,6782169.927],[520334.347,6786709.482],[523073.983,6793120.781],[530951.313,6792241.092],[531709.761,6797554.231],[534599.948,6801263.658],[540382.265,6799672.642],[542379.233,6803375.649],[549805.424,6802171.894]]]},"geometry_name":"geom","properties":{"id":238,"kunta":"739","vuosi":2026,"nimi":"Savitaipale","namn":"Savitaipale","name":"Savitaipale"},"bbox":[511075.037,6764893.317,549805.424,6803375.649]},{"type":"Feature","id":"kunta4500k_2026.256","geometry":{"type":"Polygon","coordinates":[[[114007.88429916,6696184.74396658],[114090.812,6697520.839],[124986.54314975,6705735.24495113],[125060.9968,6705403.3137],[125130.9701,6705123.4263],[126950.2539,6702434.5144],[127581.7911,6700505.19],[127719.9741,6696736.8044],[126980.2802,6694927.5266],[125780.7723,6692818.3667],[122921.9194,6692808.356],[120972.7069,6691748.7711],[119313.3719,6691888.7065],[117654.0292,6693528.0402],[115534.8663,6696067.0107],[114615.2349,6696136.978],[114007.88429916,6696184.74396658]]]},"geometry_name":"geom","properties":{"id":256,"kunta":"771","vuosi":2026,"nimi":"Sund","namn":"Sund","name":"Sund"},"bbox":[114007.88429916,6691748.7711,127719.9741,6705735.24495113]},{"type":"Feature","id":"kunta4500k_2026.239","geometry":{"type":"Polygon","coordinates":[[[618711.242,6919371.21],[620346.808,6911222.714],[626271.814,6902900.183],[626445.571,6894193.259],[629753.474,6882978.749],[639420.601,6874464.818],[637321.821,6867290.204],[641850.718,6862018.777],[641081.744,6853884.046],[635242.406,6845880.073],[634302.975,6841586.113],[627331.158,6837973.341],[622595.771,6832773.599],[620151.114,6827002.29],[603980.674,6824572.057],[597404.378,6827658.561],[598618.328,6831627.659],[585808.047,6835501.285],[586014.405,6840074.388],[582394.833,6845036.051],[584629.018,6847549.209],[584009.397,6853432.433],[578949.98,6857031.979],[574348.622,6861391.991],[571966.566,6866545.126],[576304.194,6865603.498],[581817.76,6868897.776],[587258.29,6868072.246],[589946.283,6871750.658],[586704.976,6875945.291],[583167.512,6886596.132],[578423.635,6888585.021],[574011.605,6888136.158],[572240.425,6898837.522],[578274.261,6897539.476],[583254.79,6891874.44],[586067.009,6891079.968],[592005.936,6888707.235],[592949,6884760.443],[595996.082,6882883.375],[590251.782,6881394.932],[593633.579,6877671.298],[598384.483,6875848.885],[603624.528,6875870.959],[609203.461,6879377.263],[610975.544,6886871.678],[609289.989,6890028.444],[604925.547,6893348.852],[603609.099,6897827.623],[599448.996,6898234.868],[599646.15,6902782.718],[600317.407,6904777.746],[603880.838,6912267.078],[612313.37,6913054.212],[612018.017,6919096.63],[615224.056,6922708.652],[618711.242,6919371.21]]]},"geometry_name":"geom","properties":{"id":239,"kunta":"740","vuosi":2026,"nimi":"Savonlinna","namn":"Nyslott","name":"Savonlinna"},"bbox":[571966.566,6824572.057,641850.718,6922708.652]},{"type":"Feature","id":"kunta4500k_2026.240","geometry":{"type":"Polygon","coordinates":[[[612091.883,7523305.434],[605184.812,7509739.683],[596819.988,7500858.69],[594311.233,7493036.835],[583248.719,7475520.011],[583137.732,7471793.547],[578177.253,7459365.977],[572715.158,7447905.026],[559024.553,7444077.628],[545054.425,7450928.096],[537908.944,7451205.434],[533148.707,7465518.432],[509506.022,7478809.643],[516954.873,7495290.476],[534119.547,7503959.733],[568226.8,7565660.7],[596951.2,7553001.9],[612091.883,7523305.434]]]},"geometry_name":"geom","properties":{"id":240,"kunta":"742","vuosi":2026,"nimi":"Savukoski","namn":"Savukoski","name":"Savukoski"},"bbox":[509506.022,7444077.628,612091.883,7565660.7]},{"type":"Feature","id":"kunta4500k_2026.241","geometry":{"type":"Polygon","coordinates":[[[286845.149,6996808.744],[287336.625,6978128.122],[298811.275,6976300.054],[300874.873,6971220.428],[305867.191,6970888.752],[310144.482,6965973.224],[309502.375,6961659.038],[305928.066,6960568.844],[303353.32,6953056.359],[310341.131,6943643.056],[306963.875,6939661.121],[310933.466,6926894.948],[304153.954,6917135.548],[300261.951,6915694.297],[299554.672,6925835.031],[287666.496,6951654.805],[289023.13,6956906.454],[279978.322,6967912.053],[283232.335,6978432.002],[260555.946,6971497.385],[266522.011,6978806.995],[267643.189,6988541.706],[274362.056,7000649.615],[281740.866,7002280.853],[286845.149,6996808.744]]]},"geometry_name":"geom","properties":{"id":241,"kunta":"743","vuosi":2026,"nimi":"Seinäjoki","namn":"Seinäjoki","name":"Seinäjoki"},"bbox":[260555.946,6915694.297,310933.466,7002280.853]},{"type":"Feature","id":"kunta4500k_2026.242","geometry":{"type":"Polygon","coordinates":[[[384323.357,7093223.3],[397529.352,7082069.143],[399885.271,7076388.236],[399151.964,7071604.938],[397258.568,7061945.667],[388181.098,7066578.281],[382095.705,7060308.614],[373383.552,7081747.121],[364807.017,7086218.885],[359428.975,7098263.923],[368395.877,7102260.559],[384323.357,7093223.3]]]},"geometry_name":"geom","properties":{"id":242,"kunta":"746","vuosi":2026,"nimi":"Sievi","namn":"Sievi","name":"Sievi"},"bbox":[359428.975,7060308.614,399885.271,7102260.559]},{"type":"Feature","id":"kunta4500k_2026.243","geometry":{"type":"Polygon","coordinates":[[[236801.933,6882124.138],[238242.343,6876940.779],[244656.662,6872188.992],[246466.189,6870105.136],[238454.466,6862380.771],[241042.32,6859759.356],[238230.858,6855951.77],[235043.787,6858477.361],[221808.002,6857384.242],[219842.221,6865149.052],[225346.628,6887071.612],[236801.933,6882124.138]]]},"geometry_name":"geom","properties":{"id":243,"kunta":"747","vuosi":2026,"nimi":"Siikainen","namn":"Siikais","name":"Siikainen"},"bbox":[219842.221,6855951.77,246466.189,6887071.612]},{"type":"Feature","id":"kunta4500k_2026.244","geometry":{"type":"Polygon","coordinates":[[[412772.128,7180091.469],[429259.375,7167927.441],[422341.065,7160578.229],[426842.86,7153699.23],[426937.16,7145583.317],[423921.136,7144295.5],[396418.168,7161922.903],[391626.297,7164350.758],[395393.432,7172654.781],[386899.716,7186656.658],[384041.81954927,7187476.23746035],[384055.0178,7189949.8056],[384504.8341,7190859.4414],[385704.3488,7191909.0233],[387063.8023,7191919.0236],[389172.9546,7191929.0261],[390822.2884,7192988.6054],[392011.8009,7195997.3998],[394410.8324,7197366.8568],[401038.1684,7197406.8613],[403287.2615,7198316.5026],[404946.5907,7199526.0216],[405098.39258472,7199677.82434528],[405072.695,7196857.605],[402826.439,7189072.135],[412772.128,7180091.469]]]},"geometry_name":"geom","properties":{"id":244,"kunta":"748","vuosi":2026,"nimi":"Siikajoki","namn":"Siikajoki","name":"Siikajoki"},"bbox":[384041.81954927,7144295.5,429259.375,7199677.82434528]},{"type":"Feature","id":"kunta4500k_2026.245","geometry":{"type":"Polygon","coordinates":[[[526526.957,7003766.368],[528637.186,7006930.603],[530901.753,7010756.2],[535150.42,7013637.242],[541090.832,7008879.002],[540533.56,7002518.129],[544756.313,6995055.214],[540574.773,6992449.96],[542029.984,6988348.91],[547766.041,6986670.028],[546110.237,6983863.155],[541746.391,6985127.123],[542207.846,6980499.897],[535002.928,6983119.579],[526824.75,6981938.713],[521289.973,6984943.456],[517823.148,6991099.33],[523755.623,6992728.181],[526102.904,6997298.52],[523293.915,6999040.822],[526526.957,7003766.368]]]},"geometry_name":"geom","properties":{"id":245,"kunta":"749","vuosi":2026,"nimi":"Siilinjärvi","namn":"Siilinjärvi","name":"Siilinjärvi"},"bbox":[517823.148,6980499.897,547766.041,7013637.242]},{"type":"Feature","id":"kunta4500k_2026.246","geometry":{"type":"Polygon","coordinates":[[[444094.817,7330386.502],[447684.232,7322077.929],[439885.681,7308498.831],[451429.652,7295129.029],[444538.768,7291543.363],[427779.649,7292121.84],[413803.717,7277425.091],[412373.19847675,7276001.50971755],[411445.8763,7278319.8153],[409404.5604,7280313.5597],[405945.9499,7280593.4375],[403976.7347,7282992.4677],[402467.3385,7284032.0456],[400208.2461,7284171.983],[397799.214,7284301.9241],[395550.1231,7282492.645],[393017.0432,7282401.3689],[392601.85689486,7283066.84203855],[396561.004,7287772.167],[400758.967,7292919.496],[404373.698,7293467.402],[407079.546,7301988.165],[416468.877,7310433.802],[419356.794,7316762.731],[429881.546,7330576.368],[434263.655,7333629.767],[444094.817,7330386.502]]]},"geometry_name":"geom","properties":{"id":246,"kunta":"751","vuosi":2026,"nimi":"Simo","namn":"Simo","name":"Simo"},"bbox":[392601.85689486,7276001.50971755,451429.652,7333629.767]},{"type":"Feature","id":"kunta4500k_2026.247","geometry":{"type":"MultiPolygon","coordinates":[[[[411875.9068,6677585.9294],[409166.9981,6677266.0447],[407357.723,6677855.7985],[406897.9035,6678755.4343],[407047.841,6679205.2541],[408397.2929,6680264.8345],[410356.5017,6680874.5989],[412605.5969,6680884.606],[413515.2346,6680144.9081],[413225.3587,6678635.5139],[411875.9068,6677585.9294]]],[[[409854.62,6694354.312],[415198.668,6685186.889],[417824.3476937,6682541.60245376],[417073.7937,6682024.1696],[416234.1323,6681864.2298],[413965.0448,6681944.1865],[412305.7094,6682533.941],[409746.7389,6682523.9324],[408237.3483,6682064.1099],[402737.69091811,6680700.30869839],[403253.471,6683155.565],[404472.412,6685860.104],[399936.362,6684600.244],[398875.337,6687504.945],[396012.765,6689468.365],[399192.714,6692524.36],[399672.998,6701924.199],[399947.446,6704119.782],[399460.778,6709189.412],[402460.677,6708594.602],[409843.854,6697758.511],[409854.62,6694354.312]]]]},"geometry_name":"geom","properties":{"id":247,"kunta":"753","vuosi":2026,"nimi":"Sipoo","namn":"Sibbo","name":"Sipoo"},"bbox":[396012.765,6677266.0447,417824.3476937,6709189.412]},{"type":"Feature","id":"kunta4500k_2026.248","geometry":{"type":"Polygon","coordinates":[[[352899.518,6681792.724],[349893.018,6675625.877],[353211.131,6663179.187],[352239.9653,6662861.5531],[350220.7827,6661781.977],[349321.1452,6661622.0367],[348841.3391,6661432.1107],[348368.94703088,6661183.77504729],[344553.647,6668990.316],[340836.33,6667267.659],[336005.637,6671797.73],[334085.902,6675495.796],[338116.178,6680332.146],[342829.409,6680197.418],[351084.214,6687267.974],[352899.518,6681792.724]]]},"geometry_name":"geom","properties":{"id":248,"kunta":"755","vuosi":2026,"nimi":"Siuntio","namn":"Sjundeå","name":"Siuntio"},"bbox":[334085.902,6661183.77504729,353211.131,6687267.974]},{"type":"Feature","id":"kunta4500k_2026.249","geometry":{"type":"Polygon","coordinates":[[[568226.8,7565660.7],[534119.547,7503959.733],[516954.873,7495290.476],[509506.022,7478809.643],[510853.322,7471890.308],[503718.163,7469030.609],[500847.901,7450007.506],[489595.754,7437233.431],[478933.385,7425099.02],[472593.655,7426370.374],[469724.744,7430667.283],[452469.739,7445168.698],[439783.761,7447292.232],[428510.971,7449194.171],[434799.407,7466042.47],[446932.896,7480310.392],[446195.831,7492281.41],[458414.887,7536374.369],[453310.7,7554143.617],[457691.128,7574162.963],[466815.733,7578112.381],[520679.447,7581259.14],[551793.382,7594867.065],[560577.601,7595569.21],[568226.8,7565660.7]]]},"geometry_name":"geom","properties":{"id":249,"kunta":"758","vuosi":2026,"nimi":"Sodankylä","namn":"Sodankylä","name":"Sodankylä"},"bbox":[428510.971,7425099.02,568226.8,7595569.21]},{"type":"Feature","id":"kunta4500k_2026.250","geometry":{"type":"Polygon","coordinates":[[[363260.793,6987161.698],[365541.96,6984316.807],[365064.47,6979207.831],[369641.31,6977920.938],[370211.515,6973788.01],[364744.876,6972700.998],[372356.168,6955798.067],[373036.311,6953044.961],[365643.369,6955069.913],[360719.225,6961219.912],[359608.057,6957886.407],[358224.611,6953625.812],[352602.241,6954957.813],[348733.187,6959704.551],[354508.004,6970011.824],[346951.941,6973669.696],[349403.004,6985932.989],[352599.116,6984860.202],[357374.742,6990194.169],[363260.793,6987161.698]]]},"geometry_name":"geom","properties":{"id":250,"kunta":"759","vuosi":2026,"nimi":"Soini","namn":"Soini","name":"Soini"},"bbox":[346951.941,6953044.961,373036.311,6990194.169]},{"type":"Feature","id":"kunta4500k_2026.251","geometry":{"type":"Polygon","coordinates":[[[304237.405,6739157.851],[309356.367,6739351.631],[318782.759,6729183.198],[330561.662,6727772.87],[331428.893,6722861.159],[327002.246,6717531.525],[328244.548,6712063.462],[320774.171,6710467.086],[315435.5,6708165.017],[312425.037,6710150.229],[307866.038,6716061.265],[309224.065,6722809.054],[302390.447,6717646.38],[292306.716,6722632.42],[295306.358,6727167.025],[290626.556,6743768.628],[296901.865,6736363.869],[304237.405,6739157.851]]]},"geometry_name":"geom","properties":{"id":251,"kunta":"761","vuosi":2026,"nimi":"Somero","namn":"Somero","name":"Somero"},"bbox":[290626.556,6708165.017,331428.893,6743768.628]},{"type":"Feature","id":"kunta4500k_2026.252","geometry":{"type":"Polygon","coordinates":[[[545558.664,7080024.947],[557748.878,7065762.393],[551747.103,7055001.686],[551773.224,7047305.505],[546904.842,7043752.963],[543778.014,7045507.403],[531121.155,7041726.879],[526910.578,7050972.008],[518261.549,7054881.637],[512905.775,7062367.74],[510371.604,7066349.169],[517222.424,7073467.71],[517597.696,7077833.356],[512577.835,7084447.804],[512299.501,7087574.375],[507902.768,7090204.353],[505835.73,7095992.143],[522029.293,7090894.056],[526482.682,7092271.614],[545558.664,7080024.947]]]},"geometry_name":"geom","properties":{"id":252,"kunta":"762","vuosi":2026,"nimi":"Sonkajärvi","namn":"Sonkajärvi","name":"Sonkajärvi"},"bbox":[505835.73,7041726.879,557748.878,7095992.143]},{"type":"Feature","id":"kunta4500k_2026.253","geometry":{"type":"Polygon","coordinates":[[[584731.874,7132752.879],[590027.428,7123473.763],[592138.647,7109360.583],[600218.014,7098870.308],[608266.617,7094962.388],[606127.874,7081796.115],[603849.594,7081611.248],[592736.498,7080090.685],[573709.114,7084778.258],[567078.911,7070399.907],[563043.244,7060737.936],[557748.878,7065762.393],[545558.664,7080024.947],[552290.472,7086700.074],[540603.218,7102212.076],[538745.374,7115354.196],[554778.497,7132843.339],[570594.488,7139642.95],[576649.893,7135416.65],[584731.874,7132752.879]]]},"geometry_name":"geom","properties":{"id":253,"kunta":"765","vuosi":2026,"nimi":"Sotkamo","namn":"Sotkamo","name":"Sotkamo"},"bbox":[538745.374,7060737.936,608266.617,7139642.95]},{"type":"Feature","id":"kunta4500k_2026.254","geometry":{"type":"Polygon","coordinates":[[[151498.7913,6677330.8632],[149089.759,6677170.915],[148030.1795,6678070.5485],[146360.8263,6682558.7387],[145151.3032,6684208.0706],[145890.9964,6686157.2921],[146470.761,6686677.0865],[147840.2086,6687226.8729],[148240.0499,6686887.0113],[149959.3674,6685427.6058],[151168.892,6683488.3903],[151178.8918,6682738.6912],[152388.4188,6680339.6603],[152248.4842,6678540.3817],[151498.7913,6677330.8632]]]},"geometry_name":"geom","properties":{"id":254,"kunta":"766","vuosi":2026,"nimi":"Sottunga","namn":"Sottunga","name":"Sottunga"},"bbox":[145151.3032,6677170.915,152388.4188,6687226.8729]},{"type":"Feature","id":"kunta4500k_2026.255","geometry":{"type":"Polygon","coordinates":[[[571966.566,6866545.126],[574348.622,6861391.991],[578949.98,6857031.979],[584009.397,6853432.433],[584629.018,6847549.209],[582394.833,6845036.051],[586014.405,6840074.388],[585808.047,6835501.285],[598618.328,6831627.659],[597404.378,6827658.561],[603980.674,6824572.057],[596327.952,6823806.064],[583404.19,6830603.966],[577349.447,6831714.44],[573711.671,6838091.161],[565350.482,6839337.586],[562166.891,6843209.649],[558759.954,6845101.096],[562702.54,6848352.274],[558867.867,6853446.806],[559249.198,6858213.434],[557239.91,6861880.163],[560752.952,6865824.964],[564115.078,6867829.082],[571966.566,6866545.126]]]},"geometry_name":"geom","properties":{"id":255,"kunta":"768","vuosi":2026,"nimi":"Sulkava","namn":"Sulkava","name":"Sulkava"},"bbox":[557239.91,6823806.064,603980.674,6867829.082]},{"type":"Feature","id":"kunta4500k_2026.257","geometry":{"type":"Polygon","coordinates":[[[627450.617,7266675.49],[626569,7263862.5],[626655.5,7255813.4],[627803.1,7249957.5],[621747.6,7241710.3],[621471,7239929.5],[623106.2,7236834.7],[629196.9,7236794.9],[634990.7,7234533],[635429.5,7233066.2],[632198.3,7227486.3],[633851.6,7225660.1],[636031.6,7223292.5],[633003.7,7221680.2],[628392.1,7221406.9],[623570.8,7217777.3],[622571.5,7210423.9],[623670.6,7206520.3],[623678,7201812.4],[625318.7,7196194.9],[628052.9,7193044.9],[627561.6,7190969.5],[630174.5,7187843.2],[644561.2,7188846.2],[646732.9,7186842.9],[646998.6,7185847.5],[644765,7183087.6],[645499.6,7179979.7],[649765.8,7173042.2],[649570.9,7171439.8],[649088.2,7170432.3],[646056.4,7169096.2],[643098.6,7165870.1],[625313.669,7170409.411],[619866.238,7167998.373],[617833.942,7162404.442],[601036.981,7173615.517],[586187.938,7176802.353],[561263.377,7197755.394],[559441.265,7209798.393],[553077.824,7217515.782],[557192.335,7226562.044],[556083.804,7231796.448],[546561.028,7233474.266],[554298.02,7236856.128],[575034.507,7241361.841],[576524.028,7252846.658],[590659.529,7259723.006],[598101.335,7259984.537],[602324.006,7268038.776],[610843.098,7266669.204],[617868.763,7267228.37],[627450.617,7266675.49]]]},"geometry_name":"geom","properties":{"id":257,"kunta":"777","vuosi":2026,"nimi":"Suomussalmi","namn":"Suomussalmi","name":"Suomussalmi"},"bbox":[546561.028,7162404.442,649765.8,7268038.776]},{"type":"Feature","id":"kunta4500k_2026.258","geometry":{"type":"Polygon","coordinates":[[[524686.223,6952902.41],[527177.268,6944115.934],[523087.657,6942680.115],[523664.549,6935908.372],[521042.272,6930382.162],[517652.973,6930317.487],[511594.191,6927678.736],[509811.356,6925536.014],[505986.178,6928213.639],[502734.776,6927639.862],[497379.525,6927257.344],[493788.071,6928274.445],[495488.747,6936168.862],[494316.482,6939446.207],[497468.145,6943710.221],[491950.636,6963827.477],[495364.254,6968874.07],[500611.689,6958409.838],[505977.348,6959220.208],[514109.286,6952466.858],[524686.223,6952902.41]]]},"geometry_name":"geom","properties":{"id":258,"kunta":"778","vuosi":2026,"nimi":"Suonenjoki","namn":"Suonenjoki","name":"Suonenjoki"},"bbox":[491950.636,6925536.014,527177.268,6968874.07]},{"type":"Feature","id":"kunta4500k_2026.259","geometry":{"type":"Polygon","coordinates":[[[434977.032,6839710.96],[440818.199,6834525.122],[439342.653,6827387.981],[444814.719,6823663.43],[439809.134,6816606.016],[445364.086,6811204.568],[449373.925,6816396.362],[455822.769,6806830.846],[441390.323,6804938.654],[436139.68,6798279.085],[432732.949,6804050.61],[422133.777,6800320.791],[418372.933,6808815.704],[419495.344,6812537.654],[416789.253,6818020.26],[420429.018,6832599.334],[420678.769,6839096.004],[426355.357,6839397.129],[430753.738,6843031.205],[434977.032,6839710.96]]]},"geometry_name":"geom","properties":{"id":259,"kunta":"781","vuosi":2026,"nimi":"Sysmä","namn":"Sysmä","name":"Sysmä"},"bbox":[416789.253,6798279.085,455822.769,6843031.205]},{"type":"Feature","id":"kunta4500k_2026.260","geometry":{"type":"Polygon","coordinates":[[[256997.76,6790195.252],[260719.766,6782465.649],[262130.106,6772503.933],[267534.562,6768963.192],[257779.821,6768440.944],[260943.87,6764023.99],[243395.267,6763918.679],[243379.886,6784226.958],[242760.954,6789472.164],[239160.084,6796013.57],[241334.386,6800405.003],[246310.079,6793564.282],[256997.76,6790195.252]]]},"geometry_name":"geom","properties":{"id":260,"kunta":"783","vuosi":2026,"nimi":"Säkylä","namn":"Säkylä","name":"Säkylä"},"bbox":[239160.084,6763918.679,267534.562,6800405.003]},{"type":"Feature","id":"kunta4500k_2026.261","geometry":{"type":"Polygon","coordinates":[[[519019.269,7160802.864],[508904.711,7147829.831],[512112.812,7141506.091],[509082.061,7131608.553],[501966.818,7129564.258],[497180.609,7133462.036],[491175.06,7130321.575],[488735.814,7126583.419],[484907.058,7131472.644],[478041.878,7132753.291],[475171.27,7141615.502],[465921.867,7150589.585],[474198.204,7160091.45],[479858.072,7160504.241],[483423.469,7167328.991],[492385.043,7170782.047],[495636.004,7181609.164],[507026.469,7190106.11],[512075.393,7179011.354],[511426.447,7175081.082],[514733.515,7165699.284],[519019.269,7160802.864]]]},"geometry_name":"geom","properties":{"id":261,"kunta":"785","vuosi":2026,"nimi":"Vaala","namn":"Vaala","name":"Vaala"},"bbox":[465921.867,7126583.419,519019.269,7190106.11]},{"type":"Feature","id":"kunta4500k_2026.262","geometry":{"type":"Polygon","coordinates":[[[279058.358,6845083.295],[280215.313,6839376.199],[284530.866,6834895.12],[289257.447,6836126.045],[291405.441,6829696.794],[297708.422,6828597.687],[297805.369,6821523.706],[295841.127,6817361.906],[297115.379,6810655.95],[297788.894,6805221.834],[301102.603,6800694.352],[300346.112,6795011.413],[299894.258,6793125.238],[285307.458,6790016.681],[281615.645,6792413.385],[277639.413,6796110.485],[266428.884,6798044.509],[264362.048,6804367.733],[262460.383,6807729.462],[263748.329,6815011.608],[256997.689,6825762.4],[265331.352,6831822.259],[271736.938,6837141.473],[272349.674,6839794.226],[273597.562,6842067.542],[271945.638,6845525.215],[269868.088,6848072.825],[272227.794,6848590.898],[276013.91,6847427.907],[279058.358,6845083.295]]]},"geometry_name":"geom","properties":{"id":262,"kunta":"790","vuosi":2026,"nimi":"Sastamala","namn":"Sastamala","name":"Sastamala"},"bbox":[256997.689,6790016.681,301102.603,6848590.898]},{"type":"Feature","id":"kunta4500k_2026.263","geometry":{"type":"Polygon","coordinates":[[[465921.867,7150589.585],[475171.27,7141615.502],[478041.878,7132753.291],[484907.058,7131472.644],[488735.814,7126583.419],[488879.423,7121106.639],[470766.991,7122659.592],[467072.306,7119547.364],[465587.685,7115107.992],[458251.155,7112404.776],[462313.422,7107343.105],[460317.508,7096721.518],[440434.527,7109915.434],[429577.58,7125540.654],[425799.694,7138315.664],[423921.136,7144295.5],[426937.16,7145583.317],[426842.86,7153699.23],[422341.065,7160578.229],[429259.375,7167927.441],[439513.348,7155303.517],[447759.328,7158032.975],[462321.252,7148806.18],[465921.867,7150589.585]]]},"geometry_name":"geom","properties":{"id":263,"kunta":"791","vuosi":2026,"nimi":"Siikalatva","namn":"Siikalatva","name":"Siikalatva"},"bbox":[422341.065,7096721.518,488879.423,7167927.441]},{"type":"Feature","id":"kunta4500k_2026.264","geometry":{"type":"Polygon","coordinates":[[[574927.383,6795299.456],[569894.086,6790281.106],[570690.236,6786721.539],[575790.737,6783230.944],[571700.048,6777931.408],[564436.789,6774667.933],[557613.948,6775794.622],[556774.608,6772521.051],[553499.951,6770045.635],[550332.885,6777705.286],[546363.133,6780340.952],[542196.954,6781271.564],[543442.312,6786865.99],[540481.312,6789830.259],[540436.79,6792450.386],[545284.136,6791365.067],[545131.668,6796410.098],[549805.424,6802171.894],[566913.4,6805721.647],[574927.383,6795299.456]]]},"geometry_name":"geom","properties":{"id":264,"kunta":"831","vuosi":2026,"nimi":"Taipalsaari","namn":"Taipalsaari","name":"Taipalsaari"},"bbox":[540436.79,6770045.635,575790.737,6805721.647]},{"type":"Feature","id":"kunta4500k_2026.265","geometry":{"type":"Polygon","coordinates":[[[602324.006,7268038.776],[598101.335,7259984.537],[590659.529,7259723.006],[576524.028,7252846.658],[575034.507,7241361.841],[554298.02,7236856.128],[553051.591,7246493.273],[545636.248,7253752.079],[540211.858,7254258.172],[535943.053,7265221.671],[537909.957,7281546.95],[532616.564,7295659.374],[534776.431,7300873.374],[555960.827,7298229.095],[569086.753,7303600.565],[575380.486,7292007.532],[576763.503,7278715.804],[585250.544,7276519.878],[588882.281,7281899.838],[595219.732,7273293.823],[602324.006,7268038.776]]]},"geometry_name":"geom","properties":{"id":265,"kunta":"832","vuosi":2026,"nimi":"Taivalkoski","namn":"Taivalkoski","name":"Taivalkoski"},"bbox":[532616.564,7236856.128,602324.006,7303600.565]},{"type":"Feature","id":"kunta4500k_2026.266","geometry":{"type":"Polygon","coordinates":[[[204078.315,6732798.927],[208780.244,6732343.254],[211147.5671447,6729163.23343739],[209027.1853,6727504.8635],[208597.3764,6723756.3664],[207707.747,6721047.4497],[207707.7507,6720297.7507],[206508.2361,6719538.0498],[203649.3826,6719817.9232],[202429.8573,6722816.7131],[201810.0906,6725965.4459],[200150.7464,6728054.5989],[198331.4709,6729254.1084],[196972.0101,6730593.5639],[195972.4,6732892.636],[195719.44811497,6733723.74901882],[204078.315,6732798.927]]]},"geometry_name":"geom","properties":{"id":266,"kunta":"833","vuosi":2026,"nimi":"Taivassalo","namn":"Tövsala","name":"Taivassalo"},"bbox":[195719.44811497,6719538.0498,211147.5671447,6733723.74901882]},{"type":"Feature","id":"kunta4500k_2026.267","geometry":{"type":"Polygon","coordinates":[[[340169.431,6743358.368],[338515.195,6726577.401],[334371.929,6726306.184],[330561.662,6727772.87],[318782.759,6729183.198],[309356.367,6739351.631],[312251.77,6744213.356],[316771.415,6742928.94],[320586.47,6745606.739],[318038.833,6753668.194],[324225.629,6760248.96],[328776.641,6760201.18],[329878.266,6763698.908],[338597.429,6758480.188],[336558.559,6753133.98],[340169.431,6743358.368]]]},"geometry_name":"geom","properties":{"id":267,"kunta":"834","vuosi":2026,"nimi":"Tammela","namn":"Tammela","name":"Tammela"},"bbox":[309356.367,6726306.184,340169.431,6763698.908]},{"type":"Feature","id":"kunta4500k_2026.268","geometry":{"type":"Polygon","coordinates":[[[346626.256,6854536.218],[347270.109,6836030.211],[334112.121,6814346.136],[330539.145,6814796.51],[328067.53,6814195.568],[328224.036,6815129.886],[326191.538,6815267.876],[325656.919,6821088.745],[319633.759,6820693.772],[316192.01,6827073.221],[321683.42,6826506.299],[327966.045,6827198.092],[326475.325,6841903.801],[334465.339,6859985.051],[341807.049,6854120.846],[346626.256,6854536.218]]]},"geometry_name":"geom","properties":{"id":268,"kunta":"837","vuosi":2026,"nimi":"Tampere","namn":"Tammerfors","name":"Tampere"},"bbox":[316192.01,6814195.568,347270.109,6859985.051]},{"type":"Feature","id":"kunta4500k_2026.269","geometry":{"type":"Polygon","coordinates":[[[495364.254,6968874.07],[491950.636,6963827.477],[483056.071,6968826.888],[483803.219,6974284.665],[476882.933,6985539.054],[480904.221,6987909.067],[480114.214,6990337.464],[493759.185,6994512.752],[497811.369,6998703.022],[506358.75,6986208.614],[494704.849,6984371.583],[496957.478,6976209.761],[495364.254,6968874.07]]]},"geometry_name":"geom","properties":{"id":269,"kunta":"844","vuosi":2026,"nimi":"Tervo","namn":"Tervo","name":"Tervo"},"bbox":[476882.933,6963827.477,506358.75,6998703.022]},{"type":"Feature","id":"kunta4500k_2026.270","geometry":{"type":"Polygon","coordinates":[[[457934.233,7337960.185],[444094.817,7330386.502],[434263.655,7333629.767],[429881.546,7330576.368],[419356.794,7316762.731],[410967.935,7318480.815],[396119.427,7317613.839],[387125.854,7325545.337],[387116.986,7342874.889],[401100.619,7358688.557],[425254.52,7344288.386],[444853.57,7344279.765],[457934.233,7337960.185]]]},"geometry_name":"geom","properties":{"id":270,"kunta":"845","vuosi":2026,"nimi":"Tervola","namn":"Tervola","name":"Tervola"},"bbox":[387116.986,7316762.731,457934.233,7358688.557]},{"type":"Feature","id":"kunta4500k_2026.271","geometry":{"type":"Polygon","coordinates":[[[245092.32,6944296.194],[234990.134,6925005.508],[218977.094,6933299.884],[222504.412,6944931.612],[222606.645,6953265.494],[226534.377,6956810.068],[232458.651,6955029.117],[233138.565,6951147.576],[240070.364,6949760.421],[242107.261,6953682.278],[248616.072,6951180.018],[245092.32,6944296.194]]]},"geometry_name":"geom","properties":{"id":271,"kunta":"846","vuosi":2026,"nimi":"Teuva","namn":"Östermark","name":"Teuva"},"bbox":[218977.094,6925005.508,248616.072,6956810.068]},{"type":"Feature","id":"kunta4500k_2026.272","geometry":{"type":"Polygon","coordinates":[[[696752.379,6907881.115],[693447.1,6903008.3],[690160.483,6902823.943],[688811.8,6900501.1],[689275.4,6898838.7],[687760.783,6895195.532],[681989.846,6886181.724],[677853.243,6886706.563],[672122.954,6892914.488],[667165.661,6895774.465],[665643.888,6904515.249],[656095.95,6905020.107],[653731.957,6909271.163],[656330.213,6912148.758],[655933.337,6915852.932],[652577.649,6918908.503],[667369.006,6924760.189],[669615.714,6917470.26],[673700.369,6918742.741],[676421.97,6916391.581],[684631.095,6920784.083],[692811.74,6916450.483],[696752.379,6907881.115]]]},"geometry_name":"geom","properties":{"id":272,"kunta":"848","vuosi":2026,"nimi":"Tohmajärvi","namn":"Tohmajärvi","name":"Tohmajärvi"},"bbox":[652577.649,6886181.724,696752.379,6924760.189]},{"type":"Feature","id":"kunta4500k_2026.273","geometry":{"type":"Polygon","coordinates":[[[382095.705,7060308.614],[371310.62,7051260.955],[367615.541,7055326.944],[362726.85,7060697.021],[351298.905,7073363.513],[353235.56,7081697.494],[358071.505,7085882.339],[364807.017,7086218.885],[373383.552,7081747.121],[382095.705,7060308.614]]]},"geometry_name":"geom","properties":{"id":273,"kunta":"849","vuosi":2026,"nimi":"Toholampi","namn":"Toholampi","name":"Toholampi"},"bbox":[351298.905,7051260.955,382095.705,7086218.885]},{"type":"Feature","id":"kunta4500k_2026.274","geometry":{"type":"Polygon","coordinates":[[[464407.337,6896701.058],[459342.968,6887632.55],[465037.534,6878458.625],[456232.756,6878749.175],[453699.465,6874116.315],[450335.133,6878258.951],[446454.094,6878593.808],[445076.777,6874341.848],[435607.855,6881871.84],[437094.213,6885285.371],[439479.056,6888955.696],[445709.658,6882931.776],[445829.068,6892262.995],[450467.029,6894738.746],[455003.944,6900756.906],[464407.337,6896701.058]]]},"geometry_name":"geom","properties":{"id":274,"kunta":"850","vuosi":2026,"nimi":"Toivakka","namn":"Toivakka","name":"Toivakka"},"bbox":[435607.855,6874116.315,465037.534,6900756.906]},{"type":"Feature","id":"kunta4500k_2026.275","geometry":{"type":"Polygon","coordinates":[[[387125.854,7325545.337],[387089.321,7306689.615],[382603.667,7296353.473],[378616.8837,7298616.1181],[375897.9674,7301904.7891],[375138.2714,7302344.6102],[374088.6948,7301744.8484],[371849.6057,7297676.4771],[369009.3599,7298305.1581],[368621.00215477,7298224.46860883],[368409.039,7299412.481],[369760.78,7302000.867],[370376.3,7306428.406],[368746.399,7311366.108],[368805.175,7315016.751],[367177.885,7316119.731],[365508.87,7319175.596],[366149.581,7322514.184],[363926.922,7327077.452],[361843.068,7331055.716],[361838.797,7334667.393],[361049.457,7337998.61],[361426.414,7340236.19],[359905.369,7342076.242],[361228.378,7346285.896],[369072.946,7348383.243],[401100.619,7358688.557],[387116.986,7342874.889],[387125.854,7325545.337]]]},"geometry_name":"geom","properties":{"id":275,"kunta":"851","vuosi":2026,"nimi":"Tornio","namn":"Torneå","name":"Tornio"},"bbox":[359905.369,7296353.473,401100.619,7358688.557]},{"type":"Feature","id":"kunta4500k_2026.276","geometry":{"type":"Polygon","coordinates":[[[251038.068,6731421.609],[245370.121,6713650.59],[244865.892,6708294.322],[239767.447,6705590.767],[241254.39850232,6701558.67825686],[239565.5887,6700767.0487],[237481.3838,6699985.4718],[235346.7499,6700625.7884],[233677.4136,6701975.238],[232178.0151,6702115.1743],[231118.4392,6702405.0526],[230518.677,6703004.8087],[230208.7955,6704204.3254],[231248.3584,6708112.7609],[231310.1614,6709489.4476],[230771.46075462,6710377.25007414],[230992.164,6711298.417],[236093.681,6712494.604],[239031.602,6717088.129],[240176.902,6718406.035],[247806.495,6730482.339],[250110.717,6742255.941],[251038.068,6731421.609]]]},"geometry_name":"geom","properties":{"id":276,"kunta":"853","vuosi":2026,"nimi":"Turku","namn":"Åbo","name":"Turku"},"bbox":[230208.7955,6699985.4718,251038.068,6742255.941]},{"type":"Feature","id":"kunta4500k_2026.277","geometry":{"type":"Polygon","coordinates":[[[406913.773,7426046.917],[411402.469,7405428.684],[405195.844,7406900.603],[400462.786,7405712.407],[396697.937,7401010.873],[390534.912,7392093.582],[381388.299,7389101.684],[380123.289,7383810.828],[376816.007,7382186.719],[374880.006,7379860.34],[370856.99,7378554.661],[363936.462,7375115.105],[357653.477,7381647.716],[357443.872,7383562.832],[360366.592,7385436.223],[361603.966,7388352.725],[361459.65,7396288.342],[362607.428,7399474.892],[363252.395,7403022.366],[362666.703,7408425.018],[364261.303,7411670.215],[366368.12,7410669.982],[368070.115,7414629.216],[365785.506,7421662.65],[362899.173,7425860.724],[362882.653,7429439.257],[359824.759,7434659.799],[376198.326,7435268.207],[406913.773,7426046.917]]]},"geometry_name":"geom","properties":{"id":277,"kunta":"854","vuosi":2026,"nimi":"Pello","namn":"Pello","name":"Pello"},"bbox":[357443.872,7375115.105,411402.469,7435268.207]},{"type":"Feature","id":"kunta4500k_2026.278","geometry":{"type":"Polygon","coordinates":[[[588917.517,6965889.245],[587637.091,6961501.947],[583417.623,6958121.116],[587148.6,6952676.304],[584812.796,6948464.778],[582775.304,6941452.121],[575358.681,6940004.235],[569835.846,6943143.769],[567248.3,6947448.528],[570162.69,6953150.803],[566063.166,6959653.929],[568048.271,6965776.447],[562706.893,6966552.034],[559343.081,6972366.99],[566063.166,6974856.069],[563375.828,6980222.323],[567959.203,6980279.102],[570284.522,6982319.942],[584310.041,6973884.595],[588917.517,6965889.245]]]},"geometry_name":"geom","properties":{"id":278,"kunta":"857","vuosi":2026,"nimi":"Tuusniemi","namn":"Tuusniemi","name":"Tuusniemi"},"bbox":[559343.081,6940004.235,588917.517,6982319.942]},{"type":"Feature","id":"kunta4500k_2026.279","geometry":{"type":"Polygon","coordinates":[[[397271.579,6711735.709],[391885.844,6710060.312],[392411.842,6702854.14],[399947.446,6704119.782],[399672.998,6701924.199],[392727.441,6700434.55],[392811.802,6694857.167],[391687.909,6691145.787],[387070.673,6690187.983],[382590.573,6697998.256],[388809.063,6711136.016],[385516.648,6715109.21],[392888.155,6717249.589],[397271.579,6711735.709]]]},"geometry_name":"geom","properties":{"id":279,"kunta":"858","vuosi":2026,"nimi":"Tuusula","namn":"Tusby","name":"Tuusula"},"bbox":[382590.573,6690187.983,399947.446,6717249.589]},{"type":"Feature","id":"kunta4500k_2026.280","geometry":{"type":"Polygon","coordinates":[[[440834.202,7196667.966],[452067.264,7177393.754],[452184.405,7172837.887],[448843.304,7169496.786],[455702.817,7162152.47],[450859.655,7160509.255],[440595.916,7171403.574],[438223.374,7168900.16],[441206.5,7164962.434],[438980.185,7162550.155],[433331.047,7169974.086],[428546.164,7176629.556],[433690.692,7178700.047],[430081.27,7187732.078],[431494.369,7192393.78],[436231.204,7192063.566],[439819.994,7198411.25],[440834.202,7196667.966]]]},"geometry_name":"geom","properties":{"id":280,"kunta":"859","vuosi":2026,"nimi":"Tyrnävä","namn":"Tyrnävä","name":"Tyrnävä"},"bbox":[428546.164,7160509.255,455702.817,7198411.25]},{"type":"Feature","id":"kunta4500k_2026.281","geometry":{"type":"Polygon","coordinates":[[[256997.689,6825762.4],[248698.524,6818563.014],[244149.578,6817574.745],[242061.019,6817512.722],[234844.966,6819765.636],[222569.956,6816742.727],[227893.757,6829593.382],[230896.902,6832882.707],[239786.04,6836441.196],[247459.686,6835751.501],[256997.689,6825762.4]]]},"geometry_name":"geom","properties":{"id":281,"kunta":"886","vuosi":2026,"nimi":"Ulvila","namn":"Ulvsby","name":"Ulvila"},"bbox":[222569.956,6816742.727,256997.689,6836441.196]},{"type":"Feature","id":"kunta4500k_2026.282","geometry":{"type":"Polygon","coordinates":[[[314246.201,6790569.479],[311334.636,6784447.582],[319568.327,6780771.709],[321366.414,6775785.182],[324952.559,6773513.092],[326711.239,6769836.393],[327809.259,6767047.899],[329878.266,6763698.908],[328776.641,6760201.18],[322286.219,6768255.124],[313441.239,6766750.483],[309143.035,6763855.071],[303420.561,6769865.451],[297912.327,6770626.756],[299677.521,6774882.564],[298066.4,6780223.28],[305264.715,6782737.647],[298836.826,6788879.988],[299894.258,6793125.238],[300346.112,6795011.413],[306133.007,6794099.794],[307593.313,6790341.531],[314246.201,6790569.479]]]},"geometry_name":"geom","properties":{"id":282,"kunta":"887","vuosi":2026,"nimi":"Urjala","namn":"Urjala","name":"Urjala"},"bbox":[297912.327,6760201.18,329878.266,6795011.413]},{"type":"Feature","id":"kunta4500k_2026.283","geometry":{"type":"Polygon","coordinates":[[[515503.419,7218599.02],[512366.127,7211527.24],[518218.533,7203942.415],[519089.725,7192382.917],[516827.553,7187548.477],[507026.469,7190106.11],[495636.004,7181609.164],[492385.043,7170782.047],[483423.469,7167328.991],[479858.072,7160504.241],[474198.204,7160091.45],[473944.152,7166435.128],[467246.674,7163505.034],[463630.482,7168451.555],[470786.788,7170620.528],[466277.657,7180696.208],[461226.595,7188410.596],[461823.564,7190800.14],[470216.607,7185639.942],[471272.134,7191252.664],[476284.444,7192886.745],[479200.446,7198155.58],[483975.656,7196420.516],[489060.395,7203209.791],[481673.172,7214525.888],[482550.406,7219321.807],[500220.485,7220360.008],[515503.419,7218599.02]]]},"geometry_name":"geom","properties":{"id":283,"kunta":"889","vuosi":2026,"nimi":"Utajärvi","namn":"Utajärvi","name":"Utajärvi"},"bbox":[461226.595,7160091.45,519089.725,7220360.008]},{"type":"Feature","id":"kunta4500k_2026.284","geometry":{"type":"Polygon","coordinates":[[[551149.248,7749613.176],[534552.519,7717650.877],[512337.242,7708583.356],[449883.728,7671333.783],[448257.589,7676661.272],[448691.081,7683190.564],[449938.427,7684472.004],[450233.902,7689506.378],[451105.042,7691746.752],[454701.24,7698704.32],[453057.921,7701585.963],[454940.039,7707386.095],[455066.061,7710225.93],[456107.064,7712997.635],[454936.407,7716137.825],[458267.304,7718490.632],[460207.607,7722742.532],[459567.87,7726211.491],[457024.783,7728887.958],[461335.606,7734929.816],[465485.428,7736051.838],[470353.771,7742864.873],[470791.894,7745133.882],[476362.709,7749807.75],[477510.764,7752495.725],[477278.579,7754997.045],[479119.434,7756899.973],[479773.644,7759323.034],[482916.36,7760148.362],[487714.378,7761976.983],[489218.65,7759793.621],[492116.584,7761290.511],[494212.62,7761441.435],[495355.348,7758443.793],[498842.76,7759012.393],[501602.881,7755928.816],[505266.607,7758364.457],[511501.629,7760853.397],[510577.09,7763486.468],[511686.471,7764665.11],[513427.839,7764860.154],[515835.737,7767762.214],[520054.792,7768576.276],[521098.128,7772546.808],[523294.318,7774304.985],[525907.731,7774629.464],[528303.47,7773200.962],[530705.35,7774667.853],[536457.842,7776430.911],[537544.848,7767734.188],[544471.232,7757485.69],[551640.057,7753153.21],[551149.248,7749613.176]]]},"geometry_name":"geom","properties":{"id":284,"kunta":"890","vuosi":2026,"nimi":"Utsjoki","namn":"Utsjoki","name":"Utsjoki"},"bbox":[448257.589,7671333.783,551640.057,7776430.911]},{"type":"Feature","id":"kunta4500k_2026.285","geometry":{"type":"Polygon","coordinates":[[[432762.406,6929615.249],[426631.071,6922750.799],[421940.386,6919388.501],[411349.66,6918711.998],[403170.836,6923157.032],[407127.784,6935037.751],[410065.516,6935294.782],[417949.047,6933215.534],[422021.596,6936040.476],[429393.938,6936732.004],[432762.406,6929615.249]]]},"geometry_name":"geom","properties":{"id":285,"kunta":"892","vuosi":2026,"nimi":"Uurainen","namn":"Uurainen","name":"Uurainen"},"bbox":[403170.836,6918711.998,432762.406,6936732.004]},{"type":"Feature","id":"kunta4500k_2026.286","geometry":{"type":"Polygon","coordinates":[[[278927.879,7061355.564],[293191.168,7048692.938],[292515.634,7045126.894],[294080.171,7035861.479],[298653.251,7033398.214],[297027.98,7028587.256],[286772.013,7032681.629],[280240.272,7024528.828],[276845.089,7030809.677],[268083.20402163,7032508.78128402],[267612.332,7033932.081],[266252.8655,7037230.7514],[264573.5242,7041419.0634],[262454.3644,7044267.9116],[261544.7219,7046357.0694],[261384.7833,7047106.7678],[262584.2972,7048316.2866],[265143.2692,7048486.2278],[266042.9029,7049835.6893],[266032.9009,7051485.027],[266322.7745,7054193.9404],[267222.4055,7056303.0968],[268421.9189,7057662.5553],[269171.6168,7057962.4377],[269921.318,7057362.6812],[270840.9586,7054663.7683],[272190.4172,7054523.8295],[273090.0527,7055433.4675],[273080.0429,7059181.9623],[273669.8006,7060691.3583],[274719.3759,7061591.0009],[276078.8283,7062050.8212],[276704.46932342,7062923.57084161],[278927.879,7061355.564]]]},"geometry_name":"geom","properties":{"id":286,"kunta":"893","vuosi":2026,"nimi":"Uusikaarlepyy","namn":"Nykarleby","name":"Nykarleby"},"bbox":[261384.7833,7024528.828,298653.251,7062923.57084161]},{"type":"Feature","id":"kunta4500k_2026.287","geometry":{"type":"Polygon","coordinates":[[[197524.64456911,6769664.34894613],[196800.934,6767108.387],[198054.47,6762137.4],[201981.428,6762310.155],[204610.461,6757284.498],[212099.839,6754039.705],[213134.531,6747495.92],[203530.938,6746118.53],[200965.809,6738211.945],[204078.315,6732798.927],[195719.44811497,6733723.74901882],[195342.6427,6734961.8022],[194672.9008,6737150.9201],[192563.7297,6740779.453],[192103.8974,6744228.0664],[192543.7084,6746787.0412],[192233.824,6748586.3174],[191014.3034,6750675.4728],[190694.4041,6756383.1801],[189924.7015,6758782.2133],[190824.3309,6760731.4352],[192023.8465,6761341.1962],[192323.7225,6762090.8967],[192133.795,6762860.5868],[191114.2015,6763440.3492],[190354.5058,6763580.2893],[187645.5846,6765369.5581],[186586.0048,6766419.1317],[185976.2424,6767918.5269],[186725.9379,6768668.2296],[190634.3682,6768838.1801],[191384.0622,6769897.7583],[191374.0576,6771697.036],[190924.2338,6772596.6728],[189564.7731,6773936.1286],[189254.8911,6775285.5854],[190904.2233,6776495.1078],[191963.7979,6776505.1088],[193023.3754,6775905.3546],[193313.259,6775915.352],[194522.7792,6774715.8393],[196801.8851,6770377.5917],[197524.64456911,6769664.34894613]]]},"geometry_name":"geom","properties":{"id":287,"kunta":"895","vuosi":2026,"nimi":"Uusikaupunki","namn":"Nystad","name":"Uusikaupunki"},"bbox":[185976.2424,6732798.927,213134.531,6776505.1088]},{"type":"Feature","id":"kunta4500k_2026.288","geometry":{"type":"MultiPolygon","coordinates":[[[[259700.002,7001591.214],[253892.615,6990776.106],[242914.54,7001206.841],[250663.291,7010466.81],[259700.002,7001591.214]]],[[[238548.657,7008577.757],[238832.411,7002977.577],[235762.652,7000545.201],[229196.718,7003954.518],[224706.123,6995547.622],[218861.96168007,6999202.36678591],[218682.1032,7000485.3212],[217622.5226,7001984.7153],[217322.6418,7002284.5937],[216872.8224,7002274.596],[215363.4229,7003624.0485],[215353.4211,7005123.4467],[215803.2365,7006173.0272],[216702.8725,7006932.7257],[217912.3887,7006492.907],[218812.0323,7005293.3919],[219571.7314,7004243.8161],[221231.0654,7004253.8185],[223040.3386,7004413.7614],[224999.555,7003674.0659],[226498.9526,7003834.0075],[227098.7078,7004883.5885],[226938.7638,7006992.7413],[226029.1237,7008332.2001],[223010.325,7011021.1092],[222400.5651,7012220.6253],[222540.5044,7013420.1444],[223740.0154,7015379.3626],[224183.89140518,7016434.90680972],[230794.968,7013262.236],[232716.223,7009573.578],[235611.014,7009457.515],[238548.657,7008577.757]]]]},"geometry_name":"geom","properties":{"id":288,"kunta":"905","vuosi":2026,"nimi":"Vaasa","namn":"Vasa","name":"Vaasa"},"bbox":[215353.4211,6990776.106,259700.002,7016434.90680972]},{"type":"Feature","id":"kunta4500k_2026.289","geometry":{"type":"Polygon","coordinates":[[[343703.273,6803095.608],[344003.072,6798693.03],[355196.889,6791753.407],[354730.834,6787129.876],[351222.859,6782799.339],[336054.713,6777952],[334202.592,6781268.489],[336519.806,6787100.617],[328844.117,6792661.711],[337216.54,6803488.529],[343703.273,6803095.608]]]},"geometry_name":"geom","properties":{"id":289,"kunta":"908","vuosi":2026,"nimi":"Valkeakoski","namn":"Valkeakoski","name":"Valkeakoski"},"bbox":[328844.117,6777952,355196.889,6803488.529]},{"type":"Feature","id":"kunta4500k_2026.290","geometry":{"type":"Polygon","coordinates":[[[568071.215,6914370.703],[574445.333,6913590.76],[574526.94,6910305.837],[581040.96,6907952.349],[585905.795,6901046.669],[583254.79,6891874.44],[578274.261,6897539.476],[572240.425,6898837.522],[554513.792,6900833.999],[546268.241,6906808.407],[543234.046,6905450.447],[538366.594,6910397.707],[539220.287,6915339.175],[542777.24,6913794.059],[547197.076,6916903.133],[553511.758,6907524.679],[563391.216,6913696.347],[568071.215,6914370.703]]]},"geometry_name":"geom","properties":{"id":290,"kunta":"915","vuosi":2026,"nimi":"Varkaus","namn":"Varkaus","name":"Varkaus"},"bbox":[538366.594,6891874.44,585905.795,6916903.133]},{"type":"Feature","id":"kunta4500k_2026.291","geometry":{"type":"Polygon","coordinates":[[[216583.581,6744890.601],[214631.53915626,6731191.67664677],[212785.662,6730383.726],[211846.0427,6729703.9944],[211596.1439,6729514.0694],[211147.5671447,6729163.23343739],[208780.244,6732343.254],[204078.315,6732798.927],[200965.809,6738211.945],[203530.938,6746118.53],[213134.531,6747495.92],[216583.581,6744890.601]]]},"geometry_name":"geom","properties":{"id":291,"kunta":"918","vuosi":2026,"nimi":"Vehmaa","namn":"Vemo","name":"Vehmaa"},"bbox":[200965.809,6729163.23343739,216583.581,6747495.92]},{"type":"Feature","id":"kunta4500k_2026.292","geometry":{"type":"Polygon","coordinates":[[[476882.933,6985539.054],[483803.219,6974284.665],[483056.071,6968826.888],[481370.758,6964484.125],[476471.164,6965629.408],[471765.145,6962221.13],[467106.855,6957611.173],[456811.171,6968809.34],[457542.012,6971661.854],[452626.858,6973610.366],[451260.41,6978834.552],[455573.873,6980648.896],[460537.808,6980747.209],[463064.891,6977448.452],[466173.475,6983934.095],[460656.913,6988709.902],[466320.21,6989673.188],[476882.933,6985539.054]]]},"geometry_name":"geom","properties":{"id":292,"kunta":"921","vuosi":2026,"nimi":"Vesanto","namn":"Vesanto","name":"Vesanto"},"bbox":[451260.41,6957611.173,483803.219,6989673.188]},{"type":"Feature","id":"kunta4500k_2026.293","geometry":{"type":"Polygon","coordinates":[[[315480.728,6807577.389],[321868.994,6802181.529],[325014.538,6796004.595],[322242.168,6791194.287],[314246.201,6790569.479],[307593.313,6790341.531],[306133.007,6794099.794],[300346.112,6795011.413],[301102.603,6800694.352],[297788.894,6805221.834],[300602.456,6807010.37],[304406.54,6806217.852],[307206.594,6808297.845],[311934.626,6812066.557],[315480.728,6807577.389]]]},"geometry_name":"geom","properties":{"id":293,"kunta":"922","vuosi":2026,"nimi":"Vesilahti","namn":"Vesilahti","name":"Vesilahti"},"bbox":[297788.894,6790341.531,325014.538,6812066.557]},{"type":"Feature","id":"kunta4500k_2026.294","geometry":{"type":"Polygon","coordinates":[[[352829.619,7047102.871],[355217.569,7044069.025],[355374.182,7034831.3],[358048.851,7025710.982],[352036.619,7017751.916],[342611.354,7020368.441],[334929.075,7032219.92],[333567.123,7043747.806],[343850.803,7048650.267],[347840.168,7044696.36],[352829.619,7047102.871]]]},"geometry_name":"geom","properties":{"id":294,"kunta":"924","vuosi":2026,"nimi":"Veteli","namn":"Vetil","name":"Veteli"},"bbox":[333567.123,7017751.916,358048.851,7048650.267]},{"type":"Feature","id":"kunta4500k_2026.295","geometry":{"type":"Polygon","coordinates":[[[505835.73,7095992.143],[507902.768,7090204.353],[512299.501,7087574.375],[512577.835,7084447.804],[517597.696,7077833.356],[517222.424,7073467.71],[510371.604,7066349.169],[512905.775,7062367.74],[510347.007,7058177.84],[503586.079,7059209.406],[500759.898,7054278.439],[495799.617,7055686.959],[491527.006,7059898.865],[494795.604,7063069.352],[491428.39,7071142.343],[491906.386,7076450.858],[486715.412,7076450.858],[486900.804,7080158.697],[488147.587,7084239.598],[478421.209,7093042.385],[493669.471,7101140.706],[505835.73,7095992.143]]]},"geometry_name":"geom","properties":{"id":295,"kunta":"925","vuosi":2026,"nimi":"Vieremä","namn":"Vieremä","name":"Vieremä"},"bbox":[478421.209,7054278.439,517597.696,7101140.706]},{"type":"Feature","id":"kunta4500k_2026.296","geometry":{"type":"Polygon","coordinates":[[[370926.378,6711258.416],[363954.349,6707069.304],[369134.568,6693775.377],[365362.86,6688879.345],[363235.963,6688883.655],[362624.151,6685325.923],[357274.66,6686963.923],[352899.518,6681792.724],[351084.214,6687267.974],[345713.071,6687943.616],[345790.284,6695101.034],[342067.039,6698486.552],[344565.478,6708737.405],[350939.092,6707435.074],[360778.209,6710231.502],[358726.22,6715710.045],[365623.834,6716265.571],[367281.278,6719098.267],[370926.378,6711258.416]]]},"geometry_name":"geom","properties":{"id":296,"kunta":"927","vuosi":2026,"nimi":"Vihti","namn":"Vichtis","name":"Vihti"},"bbox":[342067.039,6681792.724,370926.378,6719098.267]},{"type":"Feature","id":"kunta4500k_2026.297","geometry":{"type":"Polygon","coordinates":[[[456944.478,7016484.555],[457843.939,7002246.838],[460559.19,6995814.834],[466320.21,6989673.188],[460656.913,6988709.902],[466173.475,6983934.095],[463064.891,6977448.452],[460537.808,6980747.209],[455573.873,6980648.896],[451260.41,6978834.552],[452626.858,6973610.366],[445187.615,6972260.582],[434367.042,6977417.745],[433193.53,6981213.581],[428316.947,6981900.963],[424979.892,6985052.626],[425653.566,6990167.015],[417980.501,6997686.862],[415409.531,7013715.616],[415187.249,7017754.47],[416414.994,7018353.036],[432061.845,7013673.334],[434653.536,7017587.748],[443270.066,7016668.71],[451030.645,7018254.742],[456944.478,7016484.555]]]},"geometry_name":"geom","properties":{"id":297,"kunta":"931","vuosi":2026,"nimi":"Viitasaari","namn":"Viitasaari","name":"Viitasaari"},"bbox":[415187.249,6972260.582,466320.21,7018353.036]},{"type":"Feature","id":"kunta4500k_2026.298","geometry":{"type":"Polygon","coordinates":[[[352036.619,7017751.916],[360769.996,7007607.465],[357452.604,7005219.8],[335875.889,6998150.953],[334329.441,7002293.676],[333800.972,7009399.192],[342199.079,7013709.329],[342611.354,7020368.441],[352036.619,7017751.916]]]},"geometry_name":"geom","properties":{"id":298,"kunta":"934","vuosi":2026,"nimi":"Vimpeli","namn":"Vindala","name":"Vimpeli"},"bbox":[333800.972,6998150.953,360769.996,7020368.441]},{"type":"Feature","id":"kunta4500k_2026.299","geometry":{"type":"Polygon","coordinates":[[[548651.097,6720005.144],[547825.1,6719059.5],[545950.7,6716129.9],[546467.4,6714232.8],[542496.9,6711086.9],[542496.94302022,6711086.09968519],[542496.6743,6711086.4861],[539994.1873,6708913.9408],[538494.7997,6707104.6623],[537595.1649,6706494.9036],[531877.4675,6706464.8885],[529608.3756,6707654.3987],[527809.1059,6706444.8772],[526019.8393,6703725.9635],[525669.981,6703556.0302],[525420.0822,6703426.0814],[523760.7476,6704015.836],[521931.4648,6708064.1972],[521851.36415082,6708079.23187834],[521842.515,6709124.799],[519552.214,6713696.147],[521257.299,6718540.708],[524868.521,6722898.181],[526710.297,6720158.302],[529548.251,6720382.138],[529138.988,6724633.121],[532376.378,6725084.27],[538104.794,6720777.958],[541266.315,6721206.416],[544832.553,6724586.088],[546759.421,6720358.531],[548651.097,6720005.144]]]},"geometry_name":"geom","properties":{"id":299,"kunta":"935","vuosi":2026,"nimi":"Virolahti","namn":"Vederlax","name":"Virolahti"},"bbox":[519552.214,6703426.0814,548651.097,6725084.27]},{"type":"Feature","id":"kunta4500k_2026.300","geometry":{"type":"Polygon","coordinates":[[[345455.368,6918226.112],[348523.117,6908389.531],[355176.866,6905410.076],[345382.816,6891191.697],[336265.742,6897198.856],[336586.275,6892485.493],[332205.534,6888237.195],[326675.837,6888024.827],[321524.917,6889590.688],[313738.511,6896936.1],[304153.954,6917135.548],[310933.466,6926894.948],[317245.323,6922242.407],[319415.82,6925258.907],[327654.949,6924153.087],[336977.473,6933246.544],[339469.468,6929262.181],[341008.871,6921479.901],[345455.368,6918226.112]]]},"geometry_name":"geom","properties":{"id":300,"kunta":"936","vuosi":2026,"nimi":"Virrat","namn":"Virdois","name":"Virrat"},"bbox":[304153.954,6888024.827,355176.866,6933246.544]},{"type":"Feature","id":"kunta4500k_2026.301","geometry":{"type":"MultiPolygon","coordinates":[[[[134217.3923,6691818.8111],[133317.7534,6691808.8105],[132857.9348,6692408.5674],[132707.9896,6693458.1455],[133597.6218,6695567.3038],[133747.5563,6696616.8834],[133447.6735,6697216.6412],[132088.2137,6698256.2171],[131498.4482,6698676.0457],[132068.2094,6700665.2504],[133567.5993,6702324.5922],[134927.0492,6703234.2341],[135976.6266,6703534.1192],[137026.2084,6702944.3611],[137186.1519,6701444.9636],[136136.5807,6699935.5639],[135996.6422,6698885.9844],[137056.2216,6697986.3508],[137665.9862,6696187.0759],[136616.4173,6694227.8567],[134217.3923,6691818.8111]]],[[[137615.9543,6706392.9803],[134157.3421,6706382.9668],[131598.3659,6706962.7212],[130698.7223,6707852.3597],[130528.7821,6709511.693],[131128.5369,6710411.3351],[132477.9932,6710871.1574],[135346.8488,6709541.7054],[136406.4274,6708792.0116],[137605.9491,6708202.2543],[138065.7669,6707752.4371],[138065.7714,6706852.7981],[137615.9543,6706392.9803]]]]},"geometry_name":"geom","properties":{"id":301,"kunta":"941","vuosi":2026,"nimi":"Vårdö","namn":"Vårdö","name":"Vårdö"},"bbox":[130528.7821,6691808.8105,138065.7714,6710871.1574]},{"type":"Feature","id":"kunta4500k_2026.302","geometry":{"type":"MultiPolygon","coordinates":[[[[256336.8708,7030873.2668],[257846.2664,7030423.4531],[260095.3588,7031642.9719],[260855.0549,7031343.0951],[260865.0617,7028494.239],[260125.3661,7026535.0229],[258775.913,7025175.5636],[257716.339,7025025.6198],[255657.1649,7025255.5197],[254947.4491,7025455.4368],[253957.8453,7025755.3126],[252598.3883,7026495.0105],[250339.2942,7026784.8856],[248829.8973,7027524.5829],[248220.1359,7029173.9184],[249419.6498,7030383.4373],[252418.4401,7031902.8386],[254377.6535,7031912.842],[256336.8708,7030873.2668]]],[[[280240.272,7024528.828],[277939.193,7021755.48],[278742.932,7016933.049],[278943.866,7012914.357],[280966.276,7010093.664],[279630.013,7004441.65],[259700.002,7001591.214],[250663.291,7010466.81],[247128.467,7024805.811],[254987.4449,7022336.6891],[255417.2729,7022186.7509],[258635.9812,7022026.8274],[259985.4382,7022336.7081],[260745.1314,7022786.5304],[261224.936,7023516.2392],[262974.217,7027904.4838],[263424.0341,7028504.2447],[266732.705,7028674.1889],[268082.158,7030033.6481],[268491.9888,7031273.152],[268083.20402163,7032508.78128402],[276845.089,7030809.677],[280240.272,7024528.828]]],[[[248799.8884,7033082.3515],[247900.253,7032172.7133],[246550.7942,7032312.652],[246240.9164,7032912.4101],[246390.8539,7033512.1698],[247740.3037,7035771.268],[249689.5132,7037890.4245],[252998.182,7038660.1279],[254047.7628,7038060.3726],[254957.4015,7037020.7934],[254667.523,7035661.3381],[253917.8268,7034911.6363],[250609.1575,7034291.8727],[248799.8884,7033082.3515]]],[[[242282.4667,7043248.2459],[240633.1294,7043088.3039],[239723.4923,7043688.0598],[239113.7321,7045037.5158],[238963.7889,7045937.1541],[240013.362,7047446.5521],[241062.939,7047896.3754],[241962.5778,7047906.3747],[243172.0956,7047006.7404],[243781.8541,7046117.0998],[243791.8569,7044307.8261],[242282.4667,7043248.2459]]]]},"geometry_name":"geom","properties":{"id":302,"kunta":"946","vuosi":2026,"nimi":"Vöyri","namn":"Vörå","name":"Vörå"},"bbox":[238963.7889,7001591.214,280966.276,7047906.3747]},{"type":"Feature","id":"kunta4500k_2026.303","geometry":{"type":"Polygon","coordinates":[[[411402.469,7405428.684],[413178.062,7374305.669],[401100.619,7358688.557],[369072.946,7348383.243],[361228.378,7346285.896],[359905.369,7342076.242],[356832.984,7342804.767],[352668.448,7345538.722],[349854.14,7358535.324],[351457.458,7365324.735],[351318.722,7368270.604],[350284.924,7371086.056],[350374.447,7374854.154],[353284.31,7376569.62],[354032.454,7378955.47],[357653.477,7381647.716],[363936.462,7375115.105],[370856.99,7378554.661],[374880.006,7379860.34],[376816.007,7382186.719],[380123.289,7383810.828],[381388.299,7389101.684],[390534.912,7392093.582],[396697.937,7401010.873],[400462.786,7405712.407],[405195.844,7406900.603],[411402.469,7405428.684]]]},"geometry_name":"geom","properties":{"id":303,"kunta":"976","vuosi":2026,"nimi":"Ylitornio","namn":"Övertorneå","name":"Ylitornio"},"bbox":[349854.14,7342076.242,413178.062,7406900.603]},{"type":"Feature","id":"kunta4500k_2026.304","geometry":{"type":"Polygon","coordinates":[[[398010.991,7110887.267],[403461.736,7106084.121],[397874.997,7096815.305],[389714.913,7098261.329],[384323.357,7093223.3],[368395.877,7102260.559],[370424.741,7104339.038],[372645.944,7116054.774],[382543.364,7120022.976],[398010.991,7110887.267]]]},"geometry_name":"geom","properties":{"id":304,"kunta":"977","vuosi":2026,"nimi":"Ylivieska","namn":"Ylivieska","name":"Ylivieska"},"bbox":[368395.877,7093223.3,403461.736,7120022.976]},{"type":"Feature","id":"kunta4500k_2026.305","geometry":{"type":"Polygon","coordinates":[[[326675.837,6888024.827],[327262.562,6882065.73],[334488.264,6872577.906],[334465.339,6859985.051],[326475.325,6841903.801],[327966.045,6827198.092],[321683.42,6826506.299],[316192.01,6827073.221],[311109.061,6831687.279],[313875.13,6833059.91],[314955.55,6845505.774],[305853.626,6839216.358],[304643.033,6842528.681],[299241.439,6841628.914],[299858.417,6850425.95],[307461.846,6852875.657],[306768.795,6855635.558],[311293.968,6858349.964],[320599.576,6858758.446],[320723.406,6862841.504],[313272.172,6865203.859],[313482.743,6869776.613],[306526.779,6874055.906],[310145.228,6887445.005],[306556.562,6888949.323],[310271.169,6895455.317],[313738.511,6896936.1],[321524.917,6889590.688],[326675.837,6888024.827]]]},"geometry_name":"geom","properties":{"id":305,"kunta":"980","vuosi":2026,"nimi":"Ylöjärvi","namn":"Ylöjärvi","name":"Ylöjärvi"},"bbox":[299241.439,6826506.299,334488.264,6896936.1]},{"type":"Feature","id":"kunta4500k_2026.306","geometry":{"type":"Polygon","coordinates":[[[297931.884,6755403.995],[302708.357,6747538.716],[304237.405,6739157.851],[296901.865,6736363.869],[290626.556,6743768.628],[295059.644,6749230.72],[290386.608,6750853.006],[290311.611,6755994.397],[297451.456,6756204.328],[297931.884,6755403.995]]]},"geometry_name":"geom","properties":{"id":306,"kunta":"981","vuosi":2026,"nimi":"Ypäjä","namn":"Ypäjä","name":"Ypäjä"},"bbox":[290311.611,6736363.869,304237.405,6756204.328]},{"type":"Feature","id":"kunta4500k_2026.307","geometry":{"type":"Polygon","coordinates":[[[348733.187,6959704.551],[352602.241,6954957.813],[358224.611,6953625.812],[359608.057,6957886.407],[360719.225,6961219.912],[365643.369,6955069.913],[373036.311,6953044.961],[376149.768,6950563.473],[373255.538,6946491.101],[374738.674,6941856.302],[372926.096,6935477.746],[368249.955,6930732.785],[362483.209,6931740.306],[359907.318,6927395.73],[355768.028,6931075.644],[345455.368,6918226.112],[341008.871,6921479.901],[339469.468,6929262.181],[336977.473,6933246.544],[345569.224,6942289.741],[343298.204,6961570.195],[348733.187,6959704.551]]]},"geometry_name":"geom","properties":{"id":307,"kunta":"989","vuosi":2026,"nimi":"Ähtäri","namn":"Etseri","name":"Ähtäri"},"bbox":[336977.473,6918226.112,376149.768,6961570.195]},{"type":"Feature","id":"kunta4500k_2026.308","geometry":{"type":"Polygon","coordinates":[[[452626.858,6973610.366],[457542.012,6971661.854],[456811.171,6968809.34],[450310.043,6966508.131],[452365.219,6961319.414],[455815.178,6959175.019],[455809.048,6953731.546],[460762.497,6949987.9],[454337.693,6941963.477],[450476.004,6939564.802],[445216.633,6933094.676],[440218.794,6932844.93],[432762.406,6929615.249],[429393.938,6936732.004],[422021.596,6936040.476],[422908.889,6955970.967],[433491.844,6962014.069],[427279.716,6970716.39],[434367.042,6977417.745],[445187.615,6972260.582],[452626.858,6973610.366]]]},"geometry_name":"geom","properties":{"id":308,"kunta":"992","vuosi":2026,"nimi":"Äänekoski","namn":"Äänekoski","name":"Äänekoski"},"bbox":[422021.596,6929615.249,460762.497,6977417.745]}],"totalFeatures":308,"numberMatched":308,"numberReturned":308,"timeStamp":"2026-08-13T13:55:30.433Z","crs":{"type":"name","properties":{"name":"urn:ogc:def:crs:EPSG::3067"}},"bbox":[83747.5891,6637031.5271,732907.7,7776430.911]}